fixed_acidity,volatile_acidity,citric_acid,residual_sugar,chlorides,free_sulfur_dioxide,total_sulfur_dioxide,density,pH,sulphates,alcohol,quality
8.75,0.36,0.26,10.25,0.094,51,183,0.9923,3.86,1.7,11.02,7
14.51,0.86,0.25,12.05,0.125,71,77,0.9939,3.92,0.43,11.83,4
12.32,1.32,0.91,4.13,0.119,48,34,0.9909,3.83,1.5,9.78,4
10.99,1.13,0.25,9.56,0.04,19,188,0.9999,3.63,1.65,12.26,4
6.56,1.23,0.27,8.79,0.039,6,150,0.9933,3.0,1.71,9.02,5
6.56,1.02,0.76,12.58,0.055,27,53,0.9954,3.13,1.6,12.99,6
5.58,1.07,0.45,13.64,0.067,53,172,0.9962,3.06,0.73,11.43,3
13.66,1.29,0.78,0.68,0.073,48,64,1.0025,3.52,0.8,11.5,6
11.01,0.45,0.07,10.27,0.108,7,146,0.9958,3.4,0.94,9.26,7
12.08,0.79,0.49,1.25,0.027,59,139,0.992,3.84,0.51,8.44,5
5.21,0.41,0.03,8.46,0.025,69,198,0.9973,3.94,0.33,10.79,8
14.7,1.48,0.06,4.67,0.071,11,50,1.0035,3.29,1.6,11.69,5
13.32,1.42,0.91,4.95,0.111,15,181,0.9985,3.41,1.13,8.57,4
7.12,0.16,0.14,5.62,0.045,64,73,1.0038,3.97,1.21,13.7,4
6.82,1.09,0.53,9.51,0.103,3,40,1.0018,3.13,1.69,13.88,7
6.83,1.4,0.41,5.34,0.054,69,56,0.9905,3.75,1.3,11.27,8
8.04,0.35,0.35,11.12,0.135,23,139,0.9992,3.07,1.34,13.7,5
10.25,0.9,0.9,6.37,0.136,53,105,0.994,3.62,1.48,9.08,8
9.32,1.38,0.02,1.49,0.059,37,86,0.9978,3.1,0.47,8.15,3
7.91,0.15,0.66,11.86,0.05,9,119,0.9939,3.86,0.84,8.24,6
11.12,1.08,0.96,4.64,0.073,15,78,0.9949,3.47,1.75,11.53,5
6.39,0.52,0.56,6.78,0.051,3,67,1.0029,3.02,1.68,8.37,8
7.92,1.39,0.94,10.44,0.107,70,115,0.9929,3.07,1.63,13.75,3
8.66,1.46,0.05,5.32,0.127,17,53,1.0022,3.39,0.98,8.85,3
9.56,1.42,0.42,1.32,0.108,26,83,0.9904,3.95,1.59,9.83,6
12.85,0.76,0.26,5.92,0.127,21,65,0.9913,3.72,0.37,12.94,3
7.0,1.31,0.73,14.19,0.072,72,180,1.002,3.39,0.52,9.31,7
10.14,1.28,0.98,9.81,0.04,21,136,0.9988,3.21,0.92,9.46,3
10.92,0.55,0.26,10.24,0.116,11,171,1.0005,3.46,1.03,11.85,8
5.46,1.26,0.65,9.67,0.067,38,39,0.9929,3.7,0.7,9.66,7
11.08,0.15,0.2,3.39,0.107,72,80,0.9975,3.74,0.83,9.3,3
6.71,0.93,0.57,6.57,0.055,35,127,1.0003,3.19,0.54,9.53,4
5.65,0.42,0.46,11.39,0.031,14,64,0.9988,3.67,1.03,10.94,3
14.49,0.27,0.97,1.97,0.149,14,76,0.9966,3.59,1.49,13.8,7
14.66,0.21,0.61,4.53,0.04,10,150,1.0034,3.95,1.29,12.99,3
13.08,1.07,0.35,4.51,0.148,12,12,0.9995,3.92,0.46,9.71,3
8.05,0.58,0.11,6.76,0.147,38,35,1.0027,3.75,1.03,10.18,3
5.98,1.11,0.15,14.72,0.123,34,66,1.0002,3.67,1.35,10.79,7
11.84,0.19,0.23,1.48,0.106,41,135,1.0003,3.13,1.09,13.87,3
9.4,0.54,0.25,8.02,0.095,10,161,0.9911,3.82,0.89,9.03,6
6.22,0.86,0.85,3.1,0.133,17,62,0.995,3.31,1.23,10.14,8
9.95,1.21,0.56,14.57,0.058,17,52,1.002,3.13,1.75,12.38,6
5.34,0.55,0.52,2.14,0.081,67,197,0.9933,3.26,0.44,13.78,7
14.09,0.98,0.11,6.35,0.101,62,195,0.9916,3.8,0.89,8.93,4
7.59,1.34,0.86,11.2,0.073,1,58,0.9946,2.98,0.91,9.36,6
11.63,0.96,0.72,10.72,0.076,12,51,0.9931,3.35,1.17,9.35,8
8.12,0.43,0.07,6.63,0.063,4,20,1.003,3.39,0.53,8.13,5
10.2,0.13,0.71,5.52,0.093,42,112,1.0022,2.84,0.56,11.62,8
10.47,1.32,0.54,6.27,0.131,13,107,0.997,3.03,0.73,12.02,6
6.85,0.13,0.08,4.33,0.046,4,155,0.9909,3.79,1.73,11.62,5
14.7,1.32,0.46,3.48,0.141,69,94,1.0,3.8,1.4,8.43,7
12.75,0.84,0.48,7.5,0.11,19,109,0.9987,3.15,1.29,8.42,8
14.39,1.41,0.17,4.39,0.127,2,113,1.0036,3.85,1.53,9.26,4
13.95,1.22,0.95,4.67,0.092,12,189,0.9978,3.73,0.49,9.74,5
10.98,1.5,0.85,10.02,0.121,74,55,0.9947,3.3,1.59,12.72,5
14.22,0.59,0.67,14.54,0.022,6,53,0.9973,3.7,1.19,8.96,8
5.88,1.17,0.46,9.25,0.126,8,31,1.0037,3.95,0.8,8.26,6
6.96,0.66,0.41,1.62,0.025,51,190,0.9997,3.35,1.52,10.36,5
5.45,0.77,0.65,1.6,0.136,11,196,0.9994,3.09,1.5,10.5,7
8.25,0.98,0.55,14.3,0.149,63,123,0.9934,3.93,1.57,10.71,8
8.89,1.32,0.06,4.81,0.058,57,134,1.0004,3.52,0.47,12.96,7
7.71,1.48,0.51,1.83,0.047,12,133,1.0005,2.93,1.75,8.59,8
13.29,1.18,0.81,9.19,0.119,73,39,0.9944,3.49,1.74,12.22,7
8.57,0.68,0.46,9.54,0.053,2,17,0.9968,3.4,0.84,10.03,6
7.81,0.69,0.05,9.9,0.133,8,107,0.9941,3.83,0.4,9.86,8
10.43,1.13,0.79,4.38,0.033,11,66,0.9936,3.44,0.55,13.6,4
6.41,0.43,0.2,0.72,0.036,53,120,0.9904,3.11,1.79,9.49,6
13.02,0.25,0.26,14.49,0.147,10,82,0.994,3.61,1.14,11.86,7
5.75,0.6,0.16,4.14,0.108,8,124,0.9978,3.45,0.83,9.65,8
14.87,0.5,0.33,10.3,0.13,36,29,0.99,3.08,0.73,11.04,6
12.72,0.51,0.76,10.75,0.062,76,34,0.994,3.49,0.69,12.72,7
6.99,0.43,0.52,9.35,0.108,14,28,1.0023,3.79,1.3,13.29,3
5.06,0.16,0.2,5.04,0.097,54,14,0.9983,2.83,0.93,13.03,3
13.15,0.13,0.88,4.43,0.098,21,84,0.9985,3.56,1.75,11.49,5
12.07,1.48,0.88,9.17,0.109,50,137,0.9956,3.22,1.33,9.49,4
12.29,0.7,0.87,13.06,0.095,39,81,0.9995,3.15,1.49,11.97,3
12.71,0.64,0.24,14.23,0.076,20,164,0.9927,3.27,0.74,12.26,7
5.74,1.05,0.45,2.04,0.056,7,49,1.0015,3.21,0.42,8.06,6
8.58,0.41,0.98,2.75,0.12,9,35,0.9916,3.8,1.03,10.64,8
6.16,1.43,0.77,14.2,0.049,1,36,0.9992,3.13,0.77,13.06,6
13.63,1.2,0.03,11.18,0.11,26,199,0.9948,3.68,0.6,10.94,5
11.23,0.23,0.07,13.3,0.05,38,92,1.0005,2.91,1.73,9.87,6
8.31,0.68,0.46,3.44,0.101,38,137,0.9977,3.94,0.97,13.23,3
5.64,1.33,0.91,9.02,0.117,61,187,0.9963,3.55,0.56,8.94,6
8.11,1.42,0.54,10.67,0.048,44,179,0.9924,3.65,0.6,9.24,3
8.25,0.75,0.5,10.36,0.028,44,166,0.9989,3.16,0.72,12.12,3
12.3,0.96,0.11,6.42,0.037,74,176,1.0036,3.29,1.8,10.11,4
11.38,0.33,0.66,0.72,0.099,62,197,1.0016,3.07,0.7,12.28,5
13.87,1.49,0.82,8.95,0.13,6,178,0.9908,3.92,0.79,8.95,7
9.72,0.42,0.38,4.17,0.026,17,42,0.9953,3.39,1.29,9.51,3
6.2,1.42,0.78,7.03,0.115,51,106,1.003,3.56,0.74,8.94,8
12.13,1.01,0.96,14.38,0.064,38,120,0.997,3.68,0.62,13.72,5
12.61,0.95,0.2,6.29,0.082,24,25,0.9993,3.25,0.54,10.43,7
10.61,0.82,0.52,12.68,0.141,51,32,1.0028,3.66,0.77,10.02,8
12.71,0.42,0.29,3.23,0.063,10,144,1.0022,3.61,0.46,8.09,6
9.94,0.35,0.79,10.25,0.08,72,35,0.997,3.65,0.33,8.92,5
10.23,0.41,0.58,14.67,0.022,21,105,0.9961,3.39,1.51,10.53,8
9.28,0.36,0.63,1.98,0.031,70,21,0.9948,3.26,0.51,8.41,5
5.25,1.19,0.8,0.62,0.054,57,81,1.0001,3.07,1.46,11.06,5
6.08,0.59,0.4,6.79,0.024,39,142,0.994,3.79,1.5,10.73,6
5.31,0.18,0.92,1.84,0.102,33,115,0.9935,3.53,1.11,12.6,6
11.36,1.46,0.53,11.35,0.075,59,126,0.995,3.33,0.76,11.96,5
8.14,1.34,0.16,13.76,0.091,18,186,0.9925,3.93,0.52,10.68,8
10.09,1.4,0.7,6.79,0.043,56,35,0.9997,2.86,1.41,9.35,4
14.08,1.49,0.79,4.25,0.058,57,142,0.9986,3.82,1.2,12.36,3
7.49,0.34,0.32,6.8,0.106,76,31,0.9968,4.0,1.28,12.25,6
9.1,0.65,0.86,10.99,0.145,48,22,0.9955,3.86,0.31,8.92,4
12.56,1.16,0.91,0.63,0.027,42,165,1.0027,3.77,1.69,13.49,6
7.29,1.07,0.28,9.05,0.136,27,170,0.9904,3.25,0.4,8.39,5
5.77,0.32,0.98,9.39,0.095,74,116,1.0008,3.08,0.85,8.33,4
7.9,1.24,0.14,9.75,0.093,52,32,1.0026,3.68,0.9,9.12,8
6.61,0.41,0.2,4.01,0.085,42,106,0.9962,3.17,0.3,13.46,8
14.3,0.41,0.18,10.85,0.029,32,27,0.9977,3.01,1.05,11.12,7
13.08,0.85,0.89,1.83,0.032,26,126,1.0032,3.74,1.43,12.73,3
11.33,0.93,0.65,3.39,0.098,25,39,0.993,3.18,1.53,9.37,3
13.71,0.91,0.15,13.22,0.064,75,35,0.9973,3.9,1.62,10.94,6
13.04,0.23,0.44,11.21,0.139,23,153,0.9966,3.81,1.03,10.15,3
6.87,1.33,0.62,0.7,0.073,57,48,0.9936,3.82,1.25,12.97,7
13.93,0.47,0.08,4.1,0.039,52,170,1.0015,3.73,0.42,8.14,8
10.39,0.28,0.88,3.61,0.113,31,163,1.0026,3.86,1.03,9.46,4
13.07,1.34,0.8,4.43,0.058,64,185,1.0009,3.77,0.53,8.92,4
13.96,1.44,0.51,4.09,0.088,71,175,0.9927,3.52,0.85,13.16,8
8.18,1.31,0.97,1.41,0.111,33,139,0.9912,3.15,0.79,10.81,5
6.1,1.23,0.42,7.15,0.137,2,122,0.9985,3.87,0.94,10.43,8
7.28,1.02,0.98,11.12,0.123,18,143,0.9908,3.81,1.16,10.7,4
9.27,0.87,0.67,9.3,0.108,47,55,0.9994,3.37,1.65,13.83,6
13.18,0.22,0.63,10.26,0.108,33,59,0.9974,2.85,0.89,13.1,7
13.61,0.67,0.17,1.68,0.143,35,175,0.9993,3.57,1.77,12.24,8
5.07,0.62,0.88,14.3,0.058,51,115,0.9983,2.86,1.44,9.74,5
10.11,0.46,0.43,12.66,0.02,18,155,0.9959,3.91,1.07,8.99,6
9.17,1.11,0.16,12.17,0.055,72,164,0.9928,3.95,1.27,13.53,8
7.22,0.79,0.01,12.43,0.048,30,178,0.9943,3.03,0.45,10.54,6
6.2,0.21,0.56,14.02,0.106,44,81,0.9973,3.61,1.57,9.67,8
8.38,0.41,0.53,8.39,0.102,53,83,0.9991,2.91,1.17,10.83,6
14.43,1.06,0.72,3.4,0.097,10,26,1.0009,3.68,1.78,13.51,3
8.23,0.21,0.89,9.44,0.022,52,199,1.0007,3.22,1.25,10.32,6
10.19,1.29,0.08,11.27,0.115,49,166,1.0036,3.62,1.55,11.38,3
12.03,0.79,0.73,11.2,0.062,11,195,0.994,3.25,1.5,12.82,4
8.64,0.77,0.19,8.06,0.106,66,79,0.991,2.97,0.82,10.56,3
14.72,0.93,0.86,1.49,0.092,58,159,0.9948,3.29,0.69,9.4,6
14.62,1.25,0.82,5.88,0.065,36,15,1.0004,2.94,0.95,13.97,7
7.52,0.59,0.54,13.85,0.037,33,35,0.9961,3.49,1.0,13.74,7
9.97,1.05,0.71,8.97,0.032,47,176,1.0014,2.85,0.66,13.06,4
8.01,0.89,0.31,8.31,0.128,13,149,0.9977,3.43,1.64,12.13,6
7.85,0.47,0.47,4.4,0.139,40,108,1.003,3.86,1.11,9.77,3
5.37,1.33,0.82,5.84,0.104,68,151,1.0033,3.81,1.77,13.48,7
11.1,1.22,0.46,13.48,0.033,42,31,0.991,3.86,1.52,9.65,8
10.03,1.02,0.36,10.16,0.072,19,60,0.9964,3.91,1.13,12.8,5
5.51,1.29,0.49,11.92,0.115,19,160,0.9985,2.93,1.72,13.51,6
7.79,1.31,0.83,7.09,0.121,58,185,0.9936,2.95,1.06,11.62,8
14.08,1.09,0.34,9.64,0.035,23,113,0.9957,3.47,1.63,12.82,8
7.4,1.27,0.17,4.1,0.02,54,187,0.9995,3.87,0.84,12.75,6
6.45,1.08,0.71,10.73,0.113,65,98,0.9932,3.97,0.87,9.16,5
9.89,1.05,0.83,6.7,0.066,12,150,0.9984,2.86,0.93,12.01,7
14.86,0.97,0.1,6.92,0.053,24,147,0.9998,3.23,1.12,8.56,5
7.42,1.15,0.24,9.92,0.022,34,192,0.9913,3.06,1.13,11.05,4
11.72,0.32,0.14,14.08,0.09,53,18,0.997,3.71,1.04,8.97,3
12.62,1.33,0.35,1.43,0.131,8,88,0.9937,3.57,0.76,10.5,3
7.38,1.32,0.45,12.46,0.144,18,61,1.0001,2.94,1.69,13.0,8
12.28,0.14,0.75,4.74,0.094,57,139,0.9927,3.38,1.18,13.92,7
8.68,1.26,0.65,6.94,0.087,5,162,1.0025,3.62,0.91,9.91,5
11.32,0.28,0.62,0.82,0.031,26,22,0.996,3.73,1.28,11.19,8
11.34,0.57,0.35,4.87,0.091,30,60,0.9928,2.82,1.45,11.07,6
10.36,1.14,0.84,7.79,0.069,54,195,0.9961,3.87,1.74,13.73,8
5.9,0.33,0.47,1.31,0.099,13,43,0.9957,3.48,1.05,10.87,6
13.35,1.25,0.98,7.62,0.071,29,44,0.996,3.77,0.47,12.19,6
8.21,1.26,0.63,13.94,0.051,3,140,0.9982,3.77,0.96,13.53,4
6.87,0.81,0.13,2.03,0.032,58,129,0.9973,3.03,1.02,10.24,4
5.41,0.11,0.68,11.58,0.061,76,196,0.9921,2.93,1.65,13.41,6
10.91,0.5,0.33,6.44,0.033,2,79,0.9909,3.67,0.89,13.5,7
11.78,0.96,0.69,10.0,0.043,75,185,1.0002,2.99,1.73,13.58,4
5.17,1.47,0.07,4.27,0.148,28,156,0.9978,3.82,1.03,9.62,4
10.12,0.98,0.17,2.81,0.078,77,76,0.995,3.67,1.76,10.4,3
7.26,0.46,0.86,2.83,0.089,76,112,1.0013,3.81,0.31,13.22,8
11.45,0.99,0.23,1.52,0.134,2,82,0.9954,3.16,1.65,10.15,3
6.74,0.86,0.84,3.19,0.149,7,125,1.0011,3.18,1.7,11.6,7
11.91,1.19,0.28,10.13,0.096,26,142,0.9943,3.61,1.74,8.71,4
8.87,0.25,0.64,13.28,0.126,76,76,0.991,2.84,0.32,8.34,4
14.37,1.17,0.69,12.3,0.063,16,148,1.0031,3.67,0.56,10.47,5
6.38,0.86,0.51,10.43,0.06,23,130,0.9955,3.8,1.28,11.47,7
8.41,1.45,0.31,2.1,0.072,40,103,1.0011,3.3,0.34,10.36,8
6.13,0.58,0.21,4.69,0.107,60,138,0.9939,3.72,0.4,11.47,8
14.25,0.99,0.03,4.99,0.109,73,100,0.999,3.01,0.63,11.09,8
13.77,1.4,0.3,4.12,0.061,32,101,1.0022,3.19,1.07,12.11,7
7.58,0.24,0.65,7.97,0.037,15,72,0.9906,3.97,1.12,11.9,5
11.6,1.41,0.94,8.27,0.102,13,38,1.0016,3.98,0.35,10.55,5
13.17,1.06,0.87,5.67,0.037,5,21,0.998,3.42,0.56,10.55,3
10.55,0.19,0.77,5.63,0.095,75,86,0.9985,3.92,1.05,8.84,7
10.3,0.52,0.79,12.51,0.11,74,50,0.9973,3.43,1.19,11.08,7
7.42,1.09,0.66,11.94,0.111,52,139,1.0022,3.15,0.52,11.52,5
5.93,0.19,0.26,4.96,0.118,77,46,0.9906,3.12,0.9,10.86,6
13.97,0.92,0.91,13.75,0.133,41,182,0.9937,3.92,1.66,9.95,6
14.0,0.58,0.67,14.32,0.085,53,185,1.0023,3.01,1.8,12.33,3
11.33,0.97,0.56,5.24,0.115,50,33,1.0005,3.5,1.78,8.45,6
8.39,0.16,0.11,5.64,0.1,15,108,0.9902,3.47,1.62,13.49,6
8.49,1.32,0.45,7.83,0.044,7,159,0.9972,3.69,0.89,8.12,6
12.26,1.46,0.46,14.15,0.023,40,109,0.9974,3.4,1.33,13.77,4
13.97,1.46,0.86,13.21,0.057,28,148,0.9956,3.13,0.92,10.77,3
13.87,1.15,0.55,1.99,0.078,32,67,0.9942,3.0,1.27,10.48,5
12.8,0.28,0.38,6.19,0.1,15,183,0.9995,3.54,0.76,9.54,6
11.42,1.16,0.98,8.52,0.13,70,38,0.9929,3.66,1.21,8.06,8
5.84,0.13,0.11,7.8,0.046,65,172,1.0012,3.48,1.09,9.65,4
6.62,0.13,0.42,3.31,0.036,4,152,1.0012,3.69,0.34,8.66,6
13.99,0.55,0.04,12.95,0.145,11,69,0.9958,2.97,1.49,11.96,4
11.06,0.78,0.74,10.32,0.034,26,104,0.994,3.86,0.32,9.91,3
5.09,1.18,0.92,12.65,0.082,61,51,0.994,3.5,0.74,12.6,8
6.01,1.06,0.28,12.95,0.096,37,52,0.9968,2.95,0.31,9.24,8
11.64,0.72,0.86,11.35,0.09,23,83,1.0001,3.35,0.86,13.4,8
5.05,0.48,0.29,6.87,0.031,40,186,0.995,3.81,0.39,11.14,6
6.61,1.5,0.91,9.35,0.027,77,169,0.9985,3.88,1.67,8.69,4
10.49,0.7,0.75,2.83,0.034,23,73,0.9954,3.12,0.92,10.41,8
11.92,0.73,0.8,10.27,0.096,16,11,0.9943,3.65,0.99,9.24,7
11.52,0.33,0.02,3.1,0.091,61,161,0.9903,2.92,0.82,9.2,7
7.24,1.21,0.96,10.56,0.05,68,75,0.9901,2.84,1.24,11.04,4
12.12,1.07,0.73,3.83,0.103,31,175,0.9932,3.47,1.48,12.03,6
7.37,0.41,0.3,2.2,0.127,53,40,0.9957,3.63,1.27,13.47,6
8.25,0.22,0.83,2.9,0.025,25,124,1.0019,3.75,1.42,11.01,3
12.46,1.05,0.28,0.53,0.085,44,35,1.0012,3.21,1.66,13.8,3
11.5,1.02,0.87,10.92,0.11,12,38,0.9937,2.81,1.6,13.65,8
13.49,0.48,0.11,11.12,0.053,9,87,0.9934,3.38,1.31,13.19,5
11.58,1.43,0.7,7.97,0.06,12,34,0.9932,2.82,0.62,11.0,3
10.68,0.31,0.54,2.84,0.1,69,57,0.9947,2.91,1.26,8.85,6
5.94,0.71,0.1,1.71,0.137,54,74,0.997,3.19,1.06,9.31,5
8.68,1.42,0.24,0.78,0.125,54,190,0.9961,3.32,1.38,11.89,3
7.65,0.69,0.01,2.9,0.096,28,76,0.9931,3.14,1.55,10.53,4
7.44,0.99,0.47,13.42,0.115,56,99,0.9918,3.5,1.41,8.88,7
14.73,0.66,0.3,4.0,0.067,69,155,0.9902,2.87,1.57,10.87,3
8.93,0.48,0.6,5.64,0.103,77,146,0.9922,2.97,0.4,8.1,3
13.92,1.48,0.3,2.03,0.081,58,47,0.9999,3.63,0.35,12.4,4
11.31,0.67,0.3,3.72,0.045,78,96,0.9934,2.97,0.69,8.44,6
12.95,1.35,0.74,8.03,0.111,75,158,0.9966,3.57,1.65,11.77,8
10.03,0.42,0.05,9.31,0.092,42,74,0.9983,2.87,1.54,12.76,4
10.77,0.4,0.9,4.06,0.067,38,158,1.0024,3.29,1.32,8.8,8
9.93,0.14,0.85,1.34,0.138,68,36,1.0024,3.01,1.35,11.11,3
6.95,1.01,0.67,6.17,0.023,53,115,1.0004,2.93,1.39,12.67,6
12.22,0.62,0.59,3.9,0.061,33,132,0.9905,3.48,1.71,9.56,5
7.81,1.31,0.89,3.68,0.027,71,53,0.9981,3.91,1.55,8.98,3
5.24,0.76,0.19,14.42,0.12,56,109,1.001,2.87,1.24,10.02,4
11.45,1.46,0.08,9.44,0.111,72,37,0.9902,3.31,1.3,11.33,5
6.77,0.36,0.24,8.57,0.063,51,182,0.9977,3.65,0.62,11.45,7
14.4,1.32,0.79,6.53,0.108,74,26,1.002,3.36,1.29,8.79,5
14.54,1.19,0.03,6.72,0.071,43,136,0.9966,3.77,0.94,10.75,4
14.15,1.18,0.58,8.34,0.118,15,132,0.9901,3.02,0.53,9.61,5
8.7,1.28,1.0,10.6,0.079,38,177,0.9902,3.95,1.51,13.05,4
5.15,1.17,0.86,10.68,0.074,15,140,0.9958,3.26,1.07,9.88,3
14.28,0.98,0.52,2.99,0.142,5,85,0.9922,3.21,1.77,13.03,6
9.28,0.28,0.06,7.75,0.053,54,55,0.9993,3.85,0.72,10.57,7
14.67,0.15,0.83,6.47,0.036,51,167,0.9999,3.48,1.02,12.36,6
14.64,1.39,0.6,13.12,0.096,10,78,0.9925,3.42,0.97,11.06,6
13.53,0.96,0.11,9.66,0.146,12,146,1.0024,3.67,0.48,11.73,6
7.94,1.22,0.09,8.22,0.069,4,94,0.9962,3.5,0.94,10.37,4
8.85,0.77,0.91,2.17,0.028,18,20,0.992,3.0,0.73,12.61,4
13.51,0.26,0.67,9.28,0.064,36,78,1.0007,3.61,0.54,10.55,7
8.17,0.28,0.83,2.2,0.086,25,108,1.0011,2.96,0.72,10.74,4
6.69,1.06,0.88,5.39,0.041,76,100,0.999,3.77,0.65,11.11,8
10.57,0.7,0.57,2.57,0.106,36,168,1.0019,3.99,1.4,12.99,4
14.36,0.38,0.52,10.54,0.15,67,170,1.0003,3.25,0.35,11.96,4
11.96,0.79,0.43,3.49,0.079,9,176,1.0024,3.33,1.23,10.09,4
10.7,0.19,0.32,6.18,0.066,61,103,0.9961,2.86,1.44,12.02,3
5.97,0.91,0.43,13.49,0.072,53,183,1.0005,2.82,1.02,11.85,7
11.15,0.48,0.77,3.46,0.035,18,174,1.004,3.91,1.7,13.59,8
14.9,1.22,0.6,7.86,0.135,43,124,1.0001,2.95,1.36,13.05,4
6.4,0.53,0.89,6.58,0.074,35,197,0.9916,3.33,1.42,11.88,7
10.18,0.74,0.44,0.76,0.07,63,40,0.9973,3.78,0.6,10.05,5
13.77,0.12,0.61,11.99,0.106,78,20,0.9982,3.87,1.47,12.68,3
12.41,0.2,0.63,1.5,0.077,4,96,0.9924,3.42,1.55,11.45,4
11.97,0.65,0.59,7.38,0.104,41,130,1.0035,3.48,0.84,13.91,8
12.02,0.77,0.7,8.63,0.028,45,139,0.9925,3.6,0.62,9.49,3
8.59,0.94,0.24,9.61,0.126,50,114,0.9925,3.95,0.88,8.48,8
7.94,0.51,0.51,10.49,0.142,79,36,1.0028,3.52,1.41,8.42,3
13.09,1.07,0.1,4.17,0.104,28,11,0.9965,3.47,0.93,11.84,5
13.1,1.3,0.38,0.64,0.144,42,112,0.9909,2.82,1.4,13.64,7
13.67,1.19,0.49,10.99,0.04,76,110,0.9984,2.9,0.47,8.01,3
14.13,0.16,0.65,8.27,0.082,69,30,0.9984,3.49,1.51,12.35,6
10.11,0.77,0.95,12.62,0.098,1,67,0.9909,3.92,0.68,11.94,5
10.02,0.25,0.6,12.41,0.096,39,142,1.0036,3.84,0.67,12.39,6
12.98,0.44,0.74,12.73,0.072,17,189,0.9976,3.98,1.19,10.13,5
11.5,1.48,0.51,7.53,0.064,35,182,0.9978,3.43,0.41,12.92,6
12.02,0.3,0.63,5.34,0.036,46,94,0.9973,3.75,0.34,8.27,6
12.96,0.8,0.07,11.98,0.071,42,102,0.9986,3.81,0.69,12.53,8
13.9,0.97,0.25,7.04,0.041,39,29,0.9937,3.58,1.11,9.6,3
8.38,1.08,0.36,3.16,0.115,49,70,0.994,3.21,1.66,10.86,3
8.76,0.88,0.47,12.9,0.047,62,47,0.9972,3.36,1.57,12.94,5
5.94,0.11,0.05,13.3,0.028,38,157,1.0013,3.83,1.04,9.63,7
10.78,0.56,0.14,7.26,0.092,23,34,0.9907,3.16,0.36,9.11,8
5.36,0.82,0.28,1.6,0.097,22,139,0.9984,3.91,1.1,12.09,3
9.66,0.22,0.97,6.12,0.133,4,130,1.0013,3.08,1.36,11.2,3
10.43,0.59,0.33,12.15,0.095,49,169,0.9922,3.7,0.81,11.09,8
7.87,0.15,0.48,13.58,0.065,59,35,0.9902,3.56,0.47,9.54,4
10.91,0.21,0.2,3.45,0.124,73,178,0.9944,3.7,0.72,8.21,8
5.31,0.66,0.61,1.47,0.09,68,76,0.9982,3.32,1.46,10.46,3
5.37,0.29,0.28,13.22,0.03,71,10,0.9919,3.92,0.83,8.64,7
13.23,0.89,0.21,6.15,0.094,2,60,0.996,3.56,1.52,13.44,4
8.6,1.07,0.52,8.36,0.138,49,14,0.9977,3.15,0.78,8.25,6
6.27,1.22,0.01,14.54,0.072,31,22,0.9984,3.57,0.55,10.59,8
10.22,0.38,0.01,1.47,0.059,40,156,0.9938,3.14,0.95,8.31,6
12.7,0.33,0.22,9.9,0.039,48,149,0.9956,3.15,0.98,8.57,4
7.16,0.25,0.04,1.57,0.04,51,57,1.0009,3.28,0.32,11.95,4
11.23,0.99,0.11,5.94,0.076,43,162,1.0032,3.82,0.48,11.88,4
5.85,1.09,0.34,12.16,0.097,55,66,1.0021,3.4,0.58,8.2,5
5.52,0.14,0.8,6.79,0.03,49,124,0.9979,3.61,0.47,8.01,8
10.31,1.41,0.57,14.96,0.142,57,44,0.9957,3.27,0.81,8.47,7
10.41,0.17,0.51,8.61,0.118,77,85,0.9947,3.12,1.75,12.58,7
11.37,0.86,0.29,5.16,0.096,15,103,0.9917,3.95,1.06,11.51,6
12.26,1.09,0.93,3.69,0.128,27,14,0.9915,3.52,1.24,8.23,6
14.76,1.32,0.4,5.58,0.03,68,31,0.9996,3.92,0.83,10.93,6
10.16,1.1,0.09,5.9,0.082,64,112,0.9936,3.04,0.79,12.27,8
8.23,1.22,0.62,1.5,0.102,30,194,0.9936,2.98,0.33,13.21,3
12.95,0.58,0.11,5.86,0.128,36,184,1.004,3.83,1.05,13.6,6
7.71,1.24,0.35,7.23,0.122,67,191,0.9926,3.62,1.03,9.96,4
9.39,0.21,0.51,10.98,0.056,49,140,0.9921,3.02,0.54,8.81,6
5.78,1.35,0.87,10.02,0.142,76,133,0.9914,3.12,1.45,9.42,4
5.25,0.87,0.49,10.78,0.036,55,62,0.9981,3.76,1.04,12.66,5
14.63,1.24,0.7,0.62,0.134,56,168,0.9988,3.34,0.81,13.83,3
13.36,0.73,0.99,3.66,0.146,68,78,0.9951,3.6,0.52,10.8,3
11.96,1.0,0.13,10.09,0.043,44,113,0.9975,3.18,1.13,9.83,8
9.09,0.84,0.27,7.52,0.114,31,170,1.001,3.26,1.43,10.58,8
6.73,1.12,0.39,0.58,0.025,58,187,1.0015,3.99,0.72,9.83,7
6.56,0.21,0.42,12.17,0.073,53,25,1.0034,3.1,0.63,9.54,5
7.5,0.18,0.41,11.71,0.087,79,125,1.0015,3.41,1.08,11.56,8
10.49,0.45,0.91,8.45,0.095,23,85,0.9979,3.81,0.53,8.09,4
12.15,0.32,0.71,1.46,0.142,28,118,0.9925,3.09,1.3,9.56,5
11.6,1.32,0.61,11.61,0.107,16,48,0.9914,3.3,1.21,11.97,3
7.8,0.41,0.31,8.96,0.083,37,98,0.9908,3.54,0.43,8.19,4
14.55,1.47,0.82,11.84,0.125,21,183,0.9993,3.38,0.35,8.5,5
12.38,0.57,0.96,11.4,0.144,79,121,1.0013,3.35,1.23,9.76,3
10.54,0.35,0.82,12.14,0.023,17,56,0.9971,3.24,0.74,13.27,8
11.12,1.21,0.0,8.01,0.148,37,181,0.9908,3.5,0.43,12.59,4
9.2,1.02,0.64,2.53,0.031,77,146,0.9975,3.55,1.44,8.13,4
7.48,0.8,0.05,10.23,0.126,19,137,1.0031,3.58,0.77,11.01,3
8.56,0.88,0.26,9.5,0.056,30,187,0.9984,2.88,0.99,9.65,4
12.58,1.11,0.06,11.26,0.037,45,86,1.0013,3.56,0.66,11.89,8
5.14,0.42,0.6,2.96,0.077,18,197,1.0012,3.94,1.24,12.33,8
6.16,1.49,0.69,3.33,0.104,78,24,1.003,3.45,0.75,13.18,8
5.46,1.46,0.11,13.41,0.07,62,45,1.0008,3.66,1.75,10.85,3
5.41,1.01,0.38,11.37,0.027,36,72,1.0005,3.47,1.35,13.97,6
13.55,0.38,0.46,13.67,0.098,52,78,0.9933,3.83,0.51,13.88,6
12.04,1.05,0.37,11.5,0.137,19,178,0.9908,3.92,0.93,13.29,4
9.74,0.2,0.12,9.16,0.07,44,83,0.9972,3.02,0.88,11.45,8
5.98,0.14,0.42,9.98,0.048,7,33,0.9917,3.32,1.1,10.39,4
9.92,0.46,0.75,13.39,0.078,44,58,1.0035,3.27,1.56,10.19,3
9.73,0.75,0.07,8.89,0.026,68,155,0.9941,3.29,1.18,8.07,4
6.73,1.32,0.08,9.67,0.127,34,16,1.0019,2.95,0.39,9.5,7
9.34,1.12,0.35,2.77,0.127,66,13,0.9954,3.78,1.28,12.31,6
8.99,1.14,0.94,7.37,0.096,69,99,0.9945,2.84,0.31,11.62,4
11.16,0.7,0.67,10.89,0.066,55,69,1.0031,3.43,1.47,13.5,4
11.35,0.58,0.68,4.43,0.124,10,64,0.9951,3.59,1.3,8.3,5
5.45,0.62,0.36,3.43,0.092,42,25,0.9955,3.05,0.76,8.93,4
8.75,1.48,0.59,5.05,0.127,41,38,0.9915,3.89,0.74,12.74,7
11.26,0.16,0.01,4.0,0.102,77,160,0.9994,3.81,1.5,10.15,6
10.03,1.31,0.64,3.62,0.122,69,23,0.994,3.37,1.48,8.71,5
13.56,0.91,0.91,6.66,0.098,10,88,0.9982,3.29,0.83,13.98,3
11.59,0.71,0.61,13.66,0.074,10,186,0.9983,3.08,0.75,12.72,3
6.63,1.12,0.87,7.85,0.145,60,42,1.0001,3.68,1.14,10.45,6
5.71,0.78,0.72,3.22,0.09,51,162,1.0004,2.96,0.31,12.94,3
11.42,1.32,0.12,1.62,0.099,21,30,0.9972,3.62,0.42,12.08,7
5.27,1.36,0.9,10.59,0.049,8,154,0.9946,3.81,0.49,12.74,4
10.86,0.69,0.07,6.05,0.101,65,32,1.0017,3.07,0.58,12.89,6
14.4,0.49,0.53,12.42,0.094,78,66,0.9943,3.84,1.07,8.51,5
10.75,0.93,0.14,10.06,0.044,30,195,0.9971,2.84,1.79,11.74,4
8.88,1.38,0.01,12.05,0.028,49,151,0.9956,3.9,1.28,8.04,3
11.43,0.39,0.42,4.44,0.099,9,102,1.002,2.94,0.39,8.26,3
9.58,0.97,0.3,10.54,0.119,17,29,0.996,3.57,1.09,13.42,5
10.46,0.98,0.49,4.33,0.088,69,167,0.9954,3.1,1.04,11.17,7
14.41,1.13,0.58,14.12,0.049,58,28,0.9997,3.8,0.52,12.42,5
8.86,0.28,0.04,9.73,0.107,57,190,0.9984,3.41,1.68,13.03,6
14.61,1.1,0.12,5.21,0.03,62,112,0.9915,2.96,0.96,13.7,5
14.05,1.37,0.56,4.41,0.077,52,193,0.9971,3.49,1.79,13.22,3
6.96,0.35,0.34,3.27,0.041,61,86,1.0003,3.29,0.93,10.9,7
5.69,0.43,0.73,10.57,0.044,40,160,1.0039,3.59,1.21,10.02,7
6.01,1.46,0.65,3.67,0.046,38,199,0.9988,3.86,0.46,8.93,8
5.18,0.35,0.85,9.13,0.07,43,42,0.9952,3.29,0.98,10.4,5
5.94,1.3,0.69,4.34,0.027,63,27,0.9932,3.15,0.66,10.2,6
11.83,0.79,0.43,10.1,0.072,19,82,1.0022,2.82,1.55,11.36,3
5.71,0.45,0.67,12.32,0.087,50,170,1.0014,3.49,1.48,11.99,4
8.19,1.32,0.28,11.78,0.083,33,169,0.9933,3.28,1.54,13.87,7
13.45,0.72,0.31,11.53,0.07,13,198,0.9928,3.25,1.39,12.37,5
5.23,0.82,0.79,3.22,0.129,78,191,1.0,3.02,1.55,11.86,8
13.14,0.6,0.45,1.78,0.039,62,26,0.9944,3.32,0.6,10.01,6
7.82,0.93,0.8,10.63,0.086,43,28,0.9943,3.98,0.98,8.21,6
6.18,0.33,0.82,5.84,0.028,49,79,0.9921,3.16,1.34,9.73,3
11.97,0.65,0.86,6.77,0.029,36,129,0.9937,3.52,1.26,12.61,7
11.29,1.46,0.92,0.95,0.095,10,110,0.996,3.73,1.37,9.23,3
13.77,0.46,0.43,4.26,0.094,6,43,1.0003,3.7,0.64,12.27,8
12.35,1.02,0.32,0.99,0.134,57,93,0.9947,3.19,0.45,11.48,4
13.03,0.56,0.58,13.25,0.093,1,162,0.9946,3.53,1.68,9.03,4
7.82,1.18,0.37,4.03,0.145,71,83,0.994,3.85,1.14,9.57,4
6.77,0.28,0.6,8.58,0.026,58,97,0.9967,2.82,0.53,10.98,6
12.51,1.46,0.71,1.07,0.033,21,94,0.9925,3.32,1.49,10.51,7
13.07,0.74,0.69,10.17,0.026,56,20,0.9968,3.07,1.67,12.67,3
14.91,0.43,0.37,5.18,0.044,20,100,0.9999,3.27,0.55,12.41,3
9.13,0.2,0.17,13.52,0.09,54,153,0.9904,3.3,1.53,11.45,8
8.72,0.34,0.43,13.38,0.104,25,198,0.9901,3.7,1.7,12.93,4
12.76,0.83,0.14,5.22,0.026,28,136,0.9911,2.91,1.71,11.38,7
8.41,0.57,0.89,13.56,0.143,5,122,0.9975,3.42,1.67,13.79,7
14.31,1.26,0.35,14.94,0.129,21,89,1.002,3.48,1.12,9.3,8
13.58,0.7,0.15,12.47,0.059,18,16,0.9901,3.39,0.83,12.28,5
9.29,0.45,0.03,12.75,0.03,47,25,1.0031,3.68,0.31,10.22,7
12.51,0.96,0.65,4.11,0.042,70,25,0.9915,3.26,0.39,9.67,7
12.55,1.09,0.64,8.86,0.037,57,177,1.0018,3.93,0.94,9.08,3
6.03,0.33,0.34,1.48,0.036,19,21,0.9968,3.38,0.9,11.32,8
14.03,0.33,0.07,1.88,0.087,65,44,0.9992,3.49,0.58,9.29,7
10.05,0.15,0.41,14.98,0.052,3,30,0.9971,3.79,0.89,9.2,7
13.26,1.13,0.31,5.24,0.067,42,187,0.9967,3.13,0.56,13.94,3
8.2,1.03,0.68,11.35,0.149,21,180,1.0017,2.89,1.57,12.81,7
13.96,0.76,0.61,12.2,0.109,40,26,1.0006,3.65,0.75,12.49,3
8.89,1.28,0.36,12.94,0.143,67,41,0.9968,3.38,1.2,12.76,5
5.11,1.23,0.22,14.97,0.039,25,50,0.9916,3.88,1.05,13.81,6
14.05,0.92,0.99,4.0,0.07,55,143,0.9916,3.98,0.38,11.44,3
5.91,1.32,0.45,1.09,0.092,52,36,1.0012,3.28,1.71,9.32,3
8.19,0.39,0.69,6.46,0.03,44,157,0.9974,3.3,1.09,13.17,7
14.5,0.26,0.14,2.39,0.021,56,162,0.9967,3.29,0.79,12.46,3
14.51,0.48,0.49,0.83,0.107,55,75,0.9995,3.19,0.54,10.49,8
10.73,0.18,0.03,5.73,0.103,70,146,1.002,3.74,0.81,10.84,4
11.32,0.84,0.51,11.86,0.073,77,101,0.9988,3.71,0.33,10.47,4
9.48,1.41,0.96,8.71,0.084,73,190,1.0007,3.37,0.85,13.58,5
7.93,0.16,0.38,5.04,0.074,66,70,1.0007,2.85,1.1,10.06,3
8.29,0.27,0.04,9.99,0.023,19,175,0.995,3.17,1.61,13.78,8
11.73,0.73,0.03,3.86,0.064,7,12,0.9938,3.15,1.33,13.46,7
12.52,1.41,0.39,0.71,0.043,63,112,1.0012,3.77,0.47,11.78,7
12.92,0.54,0.16,11.58,0.033,42,64,0.9953,2.91,0.52,11.48,6
12.9,0.81,0.02,9.54,0.144,42,10,1.0026,3.77,0.94,10.22,5
5.91,0.16,0.76,11.55,0.098,59,110,0.991,3.6,0.59,8.11,8
9.94,0.31,0.46,1.06,0.115,20,54,0.9908,3.68,0.34,8.77,8
5.58,1.48,0.29,12.64,0.061,73,184,1.003,3.32,1.51,12.53,7
10.5,1.45,0.9,9.48,0.071,17,35,0.9991,3.62,0.33,10.83,6
9.42,0.11,0.12,8.67,0.051,27,130,0.9953,3.53,1.55,8.9,7
13.88,1.43,0.96,9.56,0.033,47,151,1.0006,3.72,0.52,9.58,6
8.51,0.99,0.31,13.03,0.043,2,191,0.9994,3.34,1.76,13.69,4
6.17,1.32,0.89,9.01,0.124,63,55,0.9974,3.37,1.21,10.2,8
6.43,0.74,0.6,8.92,0.108,62,131,0.9914,3.57,1.4,13.45,4
12.62,0.82,0.83,14.86,0.091,19,40,1.0014,2.93,0.47,9.83,7
11.18,0.78,0.98,11.47,0.082,17,68,1.0021,3.32,1.59,11.26,5
6.01,1.03,0.29,6.91,0.14,69,38,0.9924,3.97,1.56,8.12,3
5.84,0.3,0.96,10.76,0.029,39,115,1.0019,2.85,1.28,11.13,5
12.01,0.14,0.39,6.14,0.056,71,26,1.0023,3.18,1.05,11.82,5
5.73,0.53,0.39,3.82,0.065,39,151,0.9977,3.18,1.38,9.41,3
13.22,1.09,0.34,9.15,0.122,36,173,0.9992,3.56,0.31,11.47,8
12.06,0.38,0.54,13.96,0.149,40,195,0.9954,2.93,1.19,11.88,4
5.81,1.04,0.15,13.97,0.051,45,33,0.9939,3.55,1.57,12.12,4
5.85,1.46,0.55,5.46,0.134,4,118,1.0001,2.91,0.84,12.66,8
14.87,0.23,0.54,8.15,0.128,25,100,1.0021,2.91,0.46,9.87,3
8.74,1.04,0.76,3.57,0.049,69,34,0.9992,3.67,0.93,11.41,6
8.71,0.72,0.83,14.94,0.072,30,196,0.9972,3.19,1.39,13.89,5
13.13,1.32,0.44,14.73,0.073,76,41,0.9922,3.97,0.46,13.39,7
14.47,0.35,0.3,9.92,0.147,68,125,0.9907,2.84,0.61,13.72,4
14.86,1.07,0.26,12.16,0.044,29,91,0.9962,3.33,0.52,10.32,8
12.53,1.27,0.19,10.87,0.124,73,119,0.9907,2.94,1.5,12.72,7
8.76,1.42,0.06,9.1,0.063,68,155,0.998,3.22,0.39,11.72,3
5.84,1.06,0.34,1.27,0.115,51,46,0.9954,4.0,1.33,8.5,7
12.77,0.8,0.27,7.09,0.075,24,35,1.0006,3.87,0.85,12.94,7
10.58,0.96,0.97,10.28,0.095,14,146,0.9943,2.86,1.43,12.06,5
9.24,1.32,0.56,10.32,0.128,69,73,0.9983,3.48,1.75,9.19,3
14.06,0.9,0.35,5.91,0.125,18,81,0.9975,3.58,0.47,8.48,7
6.11,0.14,0.58,14.15,0.133,42,157,0.9901,3.05,0.77,13.02,4
9.93,1.4,0.14,2.93,0.028,57,191,0.991,2.97,1.52,8.47,3
5.11,1.07,0.44,7.76,0.11,12,115,0.9941,3.89,0.7,8.55,4
9.69,1.05,0.63,10.52,0.038,17,95,1.0024,3.96,0.62,10.56,8
5.56,0.4,0.49,10.61,0.074,30,167,0.9921,3.99,1.54,8.81,8
6.19,1.02,0.4,9.91,0.091,75,62,1.0,3.75,1.78,13.48,6
6.18,0.65,0.99,4.49,0.072,23,101,1.0036,3.6,1.14,10.82,8
11.49,1.01,0.88,2.76,0.088,1,108,1.0011,3.21,0.72,11.41,7
12.46,0.25,0.62,9.72,0.15,79,20,0.9934,3.01,0.9,13.57,3
10.83,1.02,0.57,9.19,0.038,32,40,1.0027,2.89,0.56,11.18,8
14.62,1.5,0.62,3.1,0.108,9,186,0.9913,3.63,1.44,10.12,4
8.75,0.17,0.2,10.72,0.071,15,109,0.9966,3.74,1.46,12.78,7
7.86,1.47,0.4,7.1,0.037,28,96,1.0024,3.79,1.61,10.66,8
13.69,0.67,0.04,10.18,0.041,24,156,0.999,3.9,0.34,9.91,5
7.24,1.32,0.48,12.64,0.143,60,149,0.9958,3.86,1.14,12.34,4
14.63,1.2,0.54,2.96,0.134,35,24,0.9941,4.0,0.62,12.81,4
5.12,0.89,0.23,0.78,0.138,27,168,0.9953,3.09,0.81,12.75,6
14.7,1.13,0.96,11.8,0.149,76,180,0.9971,3.72,1.48,13.87,5
5.43,1.33,0.91,9.34,0.047,20,110,0.9945,3.5,0.59,12.72,6
13.91,0.67,0.72,10.64,0.066,65,174,1.0036,3.11,1.26,12.62,8
10.28,0.56,0.53,12.65,0.107,49,38,1.0031,3.98,1.28,13.14,5
14.93,1.03,0.87,12.14,0.083,1,123,1.0022,3.88,1.73,8.0,4
5.74,1.23,0.13,14.43,0.074,10,116,0.9959,2.95,1.46,10.17,6
10.54,1.17,0.79,8.27,0.067,47,163,0.9997,2.83,1.51,12.43,7
14.69,1.22,0.12,7.58,0.097,59,117,1.0026,3.63,1.1,11.6,5
10.23,0.71,0.79,6.33,0.095,62,139,1.0019,3.52,0.58,9.07,4
11.29,1.24,0.28,2.73,0.041,18,93,0.9958,3.92,0.94,9.82,3
11.96,0.27,0.88,8.8,0.081,46,24,0.9916,3.08,1.12,10.02,5
9.55,0.86,0.94,4.52,0.092,32,141,0.9911,2.9,1.32,11.41,5
11.28,0.11,0.15,13.86,0.094,27,59,0.9981,3.11,1.21,12.99,8
10.84,0.55,0.46,8.96,0.047,18,175,0.999,2.82,0.89,13.59,7
14.01,0.61,0.98,9.1,0.116,39,32,1.0019,2.84,0.7,12.5,8
5.45,0.65,0.48,5.65,0.023,49,68,0.9941,3.9,0.55,13.06,5
7.81,1.07,0.86,1.25,0.066,44,99,0.9923,3.22,1.34,10.82,5
14.5,0.64,0.59,0.96,0.121,72,124,0.9953,3.29,1.27,10.34,7
13.9,0.73,0.38,6.64,0.093,54,84,0.995,2.82,1.33,10.36,7
9.56,0.43,0.29,1.73,0.054,34,165,0.9919,3.12,0.86,11.7,6
11.2,0.62,0.2,9.3,0.11,71,132,0.9994,3.77,0.69,8.75,4
7.77,0.42,0.76,13.27,0.094,36,145,0.9971,3.54,1.44,11.48,4
6.88,0.2,0.39,13.3,0.124,18,166,1.0001,3.7,1.46,11.99,6
9.64,0.94,0.51,10.06,0.116,38,148,0.9949,3.34,0.98,10.63,4
8.53,1.04,0.49,3.56,0.099,59,27,0.9946,3.17,1.22,13.72,5
10.84,0.97,0.58,13.01,0.083,9,192,0.9966,3.38,0.86,11.65,6
5.78,0.75,0.87,13.35,0.037,73,59,1.0023,3.19,1.35,9.32,6
14.74,0.63,0.98,3.35,0.054,72,151,0.9906,3.81,1.55,10.88,4
14.86,1.31,0.41,11.19,0.074,51,127,1.0013,3.16,1.33,12.05,3
11.98,0.83,0.83,4.65,0.098,35,146,0.9952,3.59,1.07,9.94,4
10.36,0.77,0.76,12.14,0.087,5,148,1.002,2.96,0.99,8.48,8
8.1,0.14,0.57,14.96,0.057,14,117,1.0012,3.62,1.26,11.5,3
13.14,0.58,0.96,0.94,0.021,30,76,0.9949,3.9,1.32,13.69,6
11.85,0.63,0.2,13.51,0.085,4,190,0.9997,3.53,1.14,10.91,3
6.63,0.66,0.11,9.53,0.057,39,176,0.9922,3.47,1.24,13.44,5
14.11,0.91,0.85,14.61,0.115,64,87,1.0025,3.95,0.44,13.01,7
13.23,0.85,0.44,7.24,0.023,25,193,0.9957,3.55,1.73,8.88,3
14.5,0.95,0.85,12.79,0.096,28,165,0.9964,3.11,1.49,12.25,8
12.26,1.17,0.89,1.4,0.142,76,84,0.9999,3.15,0.86,10.61,7
11.13,1.24,0.06,5.36,0.043,66,48,1.0015,3.65,1.14,9.5,5
9.18,1.11,0.88,1.47,0.081,78,34,0.9933,3.68,0.37,12.12,8
14.33,1.44,0.45,14.64,0.032,22,30,0.9993,3.16,0.36,12.46,7
13.66,0.13,0.51,12.35,0.101,31,147,0.9955,3.21,0.68,9.08,5
5.45,0.37,0.63,12.86,0.092,23,180,0.9952,3.99,1.33,13.49,7
5.26,0.11,0.93,14.1,0.073,48,24,0.9997,2.92,1.58,12.51,7
8.76,1.01,0.02,1.73,0.088,20,57,0.9954,3.29,1.14,13.6,4
13.11,1.36,0.48,6.09,0.137,38,95,0.9948,2.87,1.1,9.9,8
14.87,0.44,0.69,1.53,0.046,55,158,1.0017,3.79,0.9,13.64,8
6.5,1.4,0.72,3.56,0.023,68,197,0.9914,2.91,0.54,10.21,3
10.94,0.18,0.69,3.83,0.132,79,125,0.9995,3.61,0.48,8.32,8
8.81,1.41,0.13,7.3,0.095,1,59,0.9935,2.87,1.44,12.58,8
14.7,0.59,0.3,4.39,0.136,7,160,0.9902,3.61,1.69,12.22,7
13.42,0.24,0.36,1.96,0.098,57,150,0.9923,3.81,0.99,11.59,6
13.38,0.78,0.8,2.93,0.125,12,78,0.9985,3.28,1.29,10.94,4
9.69,0.46,0.28,2.64,0.076,5,13,0.9999,3.43,1.67,8.19,3
9.15,0.5,0.21,14.61,0.117,50,87,0.9903,3.28,0.44,11.75,4
7.73,0.53,0.96,11.51,0.139,42,18,0.9905,3.16,1.46,10.5,3
5.56,1.22,0.01,14.53,0.094,12,130,1.0026,3.76,1.23,11.36,5
13.65,0.85,1.0,6.88,0.044,18,124,0.991,3.13,1.2,10.58,7
13.13,0.54,0.68,4.54,0.055,66,172,1.0025,3.67,0.74,13.8,8
15.0,0.95,0.83,12.08,0.046,74,110,0.9932,3.05,1.33,11.62,8
14.97,1.1,0.29,5.23,0.052,79,158,1.0004,3.1,1.49,12.5,6
10.55,0.48,0.01,4.84,0.06,17,195,0.9943,3.2,0.47,13.62,4
12.69,0.68,0.74,3.87,0.092,68,155,1.002,3.51,1.1,11.55,4
14.45,0.27,0.83,2.38,0.096,71,106,0.9998,3.35,0.45,8.07,4
13.5,0.35,0.74,4.22,0.075,62,90,0.9956,3.69,1.61,8.21,8
7.47,1.05,0.14,5.65,0.1,41,52,0.9911,3.06,1.06,12.21,4
9.51,0.35,0.75,10.27,0.031,34,104,1.0003,2.81,1.51,9.67,7
6.29,0.84,0.77,1.41,0.031,70,15,0.9986,3.73,0.85,11.48,3
14.54,1.09,0.66,3.55,0.042,45,76,0.99,3.79,0.49,9.21,8
11.06,0.25,0.77,12.23,0.087,58,149,0.9901,2.87,0.36,9.62,7
7.29,0.89,0.85,2.63,0.048,51,109,1.0013,3.53,0.72,11.03,5
11.72,0.46,0.61,5.47,0.057,34,21,0.9936,3.25,0.67,13.85,7
11.18,1.45,0.09,13.04,0.072,44,75,0.9989,3.75,1.14,11.7,7
8.58,0.78,0.49,2.75,0.126,15,11,0.9964,3.85,0.33,13.62,5
6.14,1.23,0.08,1.7,0.022,78,152,1.0021,3.82,1.08,13.76,7
11.72,0.87,0.41,7.53,0.104,70,160,1.0028,3.73,0.89,9.25,3
10.2,0.16,0.41,4.89,0.107,50,166,1.004,3.12,1.17,9.87,8
12.72,0.99,0.07,8.67,0.124,32,90,0.9922,3.77,1.35,12.62,6
10.2,1.43,0.35,12.16,0.141,67,144,1.0021,3.44,1.25,13.2,5
13.52,0.94,0.11,2.49,0.023,3,165,0.9937,2.86,1.78,11.12,8
10.52,1.25,0.81,8.92,0.04,74,151,0.9983,3.35,0.51,13.96,4
10.61,1.34,0.95,7.83,0.135,51,181,0.9971,3.93,0.94,8.07,3
13.77,0.42,0.07,2.59,0.08,67,167,0.9903,3.87,0.94,9.8,6
9.03,0.4,0.96,9.55,0.093,76,169,1.0031,2.92,0.93,11.74,3
6.34,0.96,0.52,4.47,0.106,48,79,0.9911,3.69,1.3,10.82,3
5.29,0.68,0.3,7.57,0.108,17,124,0.9996,3.77,1.03,8.7,4
12.55,1.28,0.08,1.69,0.141,7,97,1.001,3.13,1.08,10.21,6
11.2,1.36,0.5,7.16,0.15,13,15,1.0011,3.37,0.95,8.15,3
12.04,0.59,0.79,4.94,0.114,66,36,0.9919,3.65,1.79,11.86,4
7.13,0.43,0.71,12.42,0.057,4,91,0.9963,3.33,1.69,13.36,5
6.36,1.19,0.05,1.33,0.134,10,97,1.0016,2.94,0.76,13.31,4
5.15,0.48,0.07,6.57,0.026,17,129,0.9942,3.65,0.47,12.2,7
8.51,1.25,0.4,7.15,0.05,52,33,0.9965,3.89,1.56,10.79,8
10.9,0.69,0.3,11.01,0.137,6,111,0.9938,3.58,1.8,11.07,4
8.92,1.03,0.23,8.83,0.053,69,43,0.9965,3.73,0.74,8.82,4
9.37,0.23,0.28,10.17,0.049,74,177,1.0024,3.23,0.84,10.05,4
14.04,0.97,0.8,11.77,0.038,9,56,0.9964,3.02,1.71,9.13,3
8.48,0.73,0.93,13.0,0.132,77,33,0.9978,3.57,1.37,12.93,6
10.14,0.92,0.41,5.05,0.085,21,74,0.9957,3.19,0.74,13.49,4
12.84,0.34,0.91,8.3,0.108,24,27,0.9964,3.83,1.17,11.22,4
8.97,1.13,0.32,12.68,0.051,4,53,0.9902,2.95,1.72,12.37,7
11.22,1.31,0.48,14.85,0.119,24,85,0.994,3.32,1.52,8.73,7
13.62,0.4,0.23,13.4,0.119,59,66,0.9961,3.28,1.41,11.65,5
14.5,0.23,0.64,5.89,0.061,3,116,0.9989,3.93,1.41,12.22,5
6.47,0.13,0.98,3.33,0.073,68,165,0.9963,2.98,0.57,10.72,7
14.27,1.0,0.6,7.6,0.047,40,133,0.9947,2.81,1.54,9.46,6
9.92,0.95,0.36,11.25,0.147,48,160,0.9954,3.09,0.71,13.26,5
7.58,0.87,0.65,7.64,0.104,54,171,0.9934,3.78,1.7,12.46,8
9.59,0.42,0.12,7.51,0.141,35,148,1.0029,3.05,0.85,13.4,8
14.8,0.65,0.89,12.65,0.059,56,172,0.9973,3.09,1.59,12.91,6
9.93,0.93,0.5,5.74,0.122,40,125,0.9902,2.96,0.7,13.94,7
8.29,0.8,0.45,12.97,0.12,77,102,0.9903,3.66,1.07,9.15,5
11.33,1.48,0.59,6.4,0.11,68,51,1.0036,2.88,0.46,8.52,4
7.4,0.29,0.62,5.26,0.146,46,37,0.9931,3.2,1.29,10.02,7
5.76,1.07,0.07,7.08,0.071,78,132,1.0013,3.14,1.55,8.77,5
6.29,0.67,0.68,11.56,0.037,13,33,0.9908,3.47,1.38,11.14,6
6.28,0.7,0.24,2.33,0.107,27,145,1.0029,3.68,1.08,11.8,8
6.52,1.1,0.71,3.35,0.115,6,115,1.0022,3.44,0.37,11.47,6
6.39,1.07,0.82,14.3,0.095,17,127,0.998,3.92,1.7,9.56,5
11.41,1.49,0.8,3.04,0.047,36,62,0.9901,3.94,1.36,13.45,6
6.82,0.28,0.55,8.73,0.086,2,141,0.9936,3.23,1.42,8.13,5
8.46,0.25,0.52,8.9,0.061,77,109,0.9957,3.73,1.49,10.09,5
13.97,1.11,0.14,7.6,0.076,52,14,0.9964,3.69,1.42,12.31,6
9.74,0.91,0.78,9.85,0.104,66,58,0.9942,3.87,0.96,12.6,3
11.68,0.48,0.27,3.83,0.117,52,107,0.9905,3.34,1.4,10.5,4
6.72,0.21,0.5,8.51,0.05,43,39,0.9983,3.44,1.24,8.1,7
6.92,0.22,0.28,5.9,0.073,22,81,0.9973,3.3,1.58,11.71,8
5.41,1.35,0.13,10.09,0.055,55,112,0.994,3.82,1.5,8.38,4
6.69,0.37,0.63,2.55,0.046,67,72,0.9905,3.08,0.36,8.65,7
7.79,0.55,0.05,8.78,0.122,60,184,1.0039,3.09,0.87,11.9,7
6.77,0.42,0.75,3.19,0.138,58,35,0.9967,3.25,0.35,9.87,8
5.89,0.6,0.32,4.54,0.068,12,194,1.0006,3.08,0.45,10.09,4
6.21,0.2,0.0,3.67,0.118,69,46,0.9963,3.47,1.2,10.92,8
9.61,0.83,0.51,3.15,0.137,39,16,0.9906,2.96,1.61,13.87,5
7.06,0.19,0.05,12.47,0.13,13,136,0.9943,3.18,0.48,13.79,8
8.64,1.22,0.28,4.64,0.044,41,177,0.9945,3.9,0.98,10.5,6
10.03,0.43,0.71,13.94,0.144,57,101,1.0017,3.29,1.67,9.59,3
11.9,0.86,0.06,14.56,0.069,53,176,0.9992,3.7,1.52,9.82,3
5.39,1.33,0.84,8.78,0.064,12,199,0.9939,2.94,1.08,9.61,3
12.99,1.01,0.0,2.57,0.028,13,112,1.0035,3.1,1.46,11.19,4
11.28,0.85,0.25,5.93,0.083,74,62,0.9945,3.77,1.08,11.64,4
5.82,0.55,0.74,12.07,0.034,57,141,1.004,3.72,0.54,10.93,5
13.74,0.57,0.32,5.83,0.052,40,117,1.0039,3.26,0.49,10.45,3
14.21,1.04,0.1,1.76,0.061,45,121,0.9927,3.95,0.58,9.27,5
5.61,1.49,0.36,8.57,0.125,35,162,0.9944,3.89,0.83,10.9,3
7.77,1.03,0.27,12.75,0.134,3,16,0.9968,3.95,1.7,10.05,4
13.06,0.88,0.84,12.04,0.059,5,165,0.9993,3.31,1.5,11.25,6
12.48,1.12,0.31,3.04,0.132,11,76,0.9974,3.04,0.95,12.05,6
6.85,0.75,0.79,10.26,0.131,71,117,1.0036,3.55,1.04,11.8,6
7.09,0.18,0.89,3.7,0.119,56,120,1.0001,3.62,0.7,10.77,8
8.7,0.89,0.43,3.66,0.039,10,157,0.993,2.95,1.36,11.34,6
9.85,1.44,0.91,13.17,0.11,34,92,0.9915,3.74,1.5,9.71,7
11.18,0.35,0.38,4.12,0.143,67,133,0.9996,2.82,0.66,8.15,3
8.69,1.07,0.96,4.32,0.109,72,148,0.9922,3.38,0.36,11.75,6
9.63,0.38,0.09,0.51,0.063,31,113,1.001,3.2,1.24,9.52,7
12.47,0.85,0.69,13.12,0.085,75,76,0.9944,3.69,1.14,12.01,7
5.37,0.24,0.49,11.99,0.104,71,16,0.9946,3.18,0.9,12.48,7
7.52,0.73,0.39,9.6,0.086,66,160,0.9902,3.79,1.27,13.5,5
12.13,1.16,0.63,11.38,0.036,70,198,0.9998,3.51,1.13,13.75,5
13.95,0.59,0.7,2.7,0.061,41,119,0.9916,3.75,0.68,8.06,7
10.12,1.03,0.0,7.15,0.124,63,43,1.0008,3.99,0.9,13.94,8
10.32,1.21,0.17,5.59,0.132,32,115,0.9969,3.61,0.94,12.1,6
6.07,1.4,0.71,1.86,0.038,20,156,1.001,3.98,1.62,11.86,3
9.47,0.43,0.67,7.55,0.144,57,67,0.9982,2.83,1.74,8.09,8
10.33,0.66,0.97,13.85,0.063,50,18,0.9912,3.21,1.64,13.17,4
7.42,0.31,0.76,1.08,0.106,25,57,1.0007,2.93,1.38,8.87,5
7.69,1.49,0.95,4.73,0.118,12,124,0.991,3.11,1.18,13.02,6
8.77,1.4,0.7,3.51,0.126,71,50,0.9967,3.81,1.33,8.09,6
5.2,0.86,0.3,3.95,0.143,39,57,0.9924,2.84,1.71,11.88,4
8.22,1.28,0.11,13.67,0.061,17,182,1.0005,3.42,0.67,10.61,4
7.11,0.83,0.78,7.29,0.132,45,34,1.0028,3.48,1.1,9.2,6
8.27,0.97,0.64,7.26,0.037,11,125,0.9978,3.47,1.33,8.65,4
6.2,0.22,0.05,11.53,0.112,70,87,0.9974,3.37,1.32,10.64,6
13.91,1.16,0.36,2.74,0.116,23,117,1.0007,3.75,0.68,8.74,8
10.94,0.28,0.96,7.57,0.108,70,34,0.9901,2.96,1.18,10.92,4
11.79,1.26,0.5,6.73,0.053,38,156,1.0028,3.17,1.49,11.75,8
12.89,1.19,0.43,9.16,0.133,2,48,0.9928,3.54,1.01,12.96,8
9.98,1.09,0.46,14.99,0.042,79,128,1.0038,3.63,1.49,12.07,4
5.87,0.15,0.21,11.66,0.027,72,88,1.0003,3.28,0.84,8.39,6
10.37,0.52,0.37,6.27,0.113,37,89,1.0008,3.85,1.71,9.84,7
10.87,0.47,0.37,12.5,0.082,49,36,0.9992,3.3,1.1,9.73,6
12.45,0.6,0.05,2.98,0.13,52,113,0.9966,3.28,1.19,13.49,3
9.32,0.22,0.77,0.94,0.07,33,83,0.998,2.84,0.35,13.21,4
6.28,1.41,0.42,3.46,0.042,22,77,0.9906,3.46,0.56,10.22,5
7.84,0.88,0.82,5.44,0.129,5,156,0.9987,3.65,1.25,8.43,4
8.63,0.53,0.85,7.9,0.091,18,37,0.9988,2.94,0.93,13.36,3
11.46,0.66,0.21,9.42,0.045,38,132,1.0025,3.17,1.06,13.33,8
10.71,0.73,0.66,13.7,0.114,37,170,0.9971,3.74,0.39,13.13,5
8.56,0.94,0.47,7.89,0.086,64,147,0.9911,3.24,1.55,13.07,5
14.87,0.82,0.88,7.77,0.099,10,92,0.9943,3.09,1.48,10.88,6
11.06,1.39,0.22,1.23,0.08,79,39,0.9992,3.61,0.58,9.06,7
7.37,0.8,0.68,1.01,0.128,42,31,0.9933,3.04,1.25,10.86,6
6.02,1.49,0.61,8.49,0.128,48,12,0.9939,3.87,1.53,10.97,5
6.53,1.29,0.3,6.85,0.112,44,110,1.0015,2.93,1.26,10.94,5
7.46,0.39,0.14,12.67,0.034,16,114,0.9982,3.65,0.77,11.23,7
6.61,1.4,0.65,2.83,0.129,54,185,0.9971,3.4,1.28,9.55,4
6.87,0.26,0.74,0.86,0.107,35,11,0.9945,3.84,0.62,10.2,7
7.85,1.24,0.32,7.01,0.111,28,63,1.0002,2.95,0.78,10.61,8
6.73,0.63,0.64,3.94,0.067,2,15,0.994,3.61,0.66,8.79,6
13.97,1.33,0.4,1.22,0.134,13,116,1.0003,3.49,1.14,10.73,4
5.8,1.32,0.71,11.01,0.114,41,177,0.991,3.38,0.46,12.86,6
10.25,1.23,0.2,2.12,0.035,59,132,1.0021,3.39,1.7,12.97,7
9.1,1.21,0.89,9.32,0.073,69,11,0.997,3.67,0.8,10.47,4
14.82,0.53,0.29,4.58,0.135,53,120,0.9961,3.93,0.63,11.11,7
6.12,0.21,0.37,3.02,0.026,45,11,0.9986,2.91,1.04,8.2,8
8.98,0.66,0.06,6.01,0.145,20,102,0.9987,2.82,0.72,12.05,3
14.69,0.34,0.11,12.12,0.108,24,192,0.9918,3.77,1.1,10.43,5
13.66,1.07,0.52,6.19,0.102,61,110,1.0006,2.93,0.82,10.67,4
13.17,0.58,0.27,11.39,0.055,58,197,0.9939,3.98,0.5,13.24,5
7.58,1.47,0.84,2.32,0.052,27,106,1.0027,3.54,0.7,10.77,3
6.71,1.0,0.01,11.71,0.142,26,120,1.0014,3.58,0.96,8.13,4
11.69,1.25,0.38,3.94,0.059,7,15,0.9948,3.04,0.35,9.36,5
14.29,0.29,0.34,10.32,0.121,42,136,1.0013,3.09,1.46,10.85,5
10.57,1.31,0.02,8.7,0.071,47,113,0.995,3.59,1.23,10.55,4
10.72,1.39,0.12,13.97,0.038,53,156,0.9914,3.89,1.2,13.16,5
7.8,0.78,0.41,6.12,0.021,59,164,1.0035,3.98,1.12,11.25,5
12.69,0.95,0.49,1.46,0.091,38,10,0.9991,3.04,1.19,12.14,4
6.87,1.17,0.4,0.78,0.147,69,42,0.9964,2.96,1.7,10.82,5
8.24,0.34,0.53,12.49,0.068,53,49,0.9956,2.87,0.31,10.64,5
9.25,0.8,0.6,8.11,0.066,15,41,0.9945,3.84,0.37,10.68,6
10.08,0.66,0.01,11.74,0.065,26,26,1.0037,3.15,0.59,10.47,8
7.42,0.3,0.46,3.9,0.088,48,135,0.9919,2.8,0.55,11.23,6
6.15,0.61,0.96,5.5,0.077,19,17,0.9944,3.07,0.57,9.5,3
11.11,0.2,0.52,0.94,0.134,9,66,0.9968,3.21,1.31,13.35,6
7.89,0.14,0.68,14.44,0.086,64,51,0.9967,3.99,0.99,10.0,6
10.81,0.29,0.31,10.18,0.086,54,107,0.9966,3.43,1.79,8.89,3
6.54,1.45,0.77,14.03,0.038,51,146,0.9925,3.05,0.64,8.58,5
9.81,0.87,0.77,4.35,0.148,39,129,0.992,3.2,0.77,8.08,5
10.33,1.45,0.52,9.37,0.052,4,96,0.9936,3.2,1.78,10.54,6
5.52,0.71,0.98,10.34,0.03,3,172,1.0028,2.82,1.55,9.13,3
8.37,0.54,0.13,5.1,0.106,64,190,0.9916,2.96,1.0,8.13,5
6.34,0.81,0.02,12.8,0.097,29,63,1.0006,3.63,1.13,11.12,7
5.63,0.72,0.77,14.23,0.074,11,93,1.0006,2.94,1.56,12.08,4
14.9,0.25,0.81,13.33,0.075,58,34,1.0013,3.08,1.02,8.51,4
8.22,1.0,0.12,11.22,0.122,75,76,1.0024,3.22,0.61,10.77,8
13.1,0.4,0.27,4.52,0.045,27,199,0.9937,3.71,1.54,12.46,4
7.55,0.97,0.02,4.58,0.127,21,192,0.9931,3.5,1.11,13.91,6
11.82,1.01,0.29,14.47,0.104,39,183,0.9965,3.63,0.53,12.0,4
12.6,0.31,0.77,0.65,0.074,46,161,0.9937,3.48,1.06,9.47,4
10.96,0.19,0.52,10.88,0.08,66,55,1.0003,3.62,0.92,12.3,7
9.72,1.19,0.35,10.74,0.053,36,31,0.9989,2.8,1.62,11.59,5
9.12,0.74,0.37,9.53,0.118,75,148,1.0022,3.92,0.49,9.27,7
8.49,0.18,0.0,14.86,0.087,65,185,0.9912,2.93,1.61,13.11,6
14.3,1.49,0.3,5.02,0.062,63,17,1.0028,3.29,1.07,10.56,4
13.31,0.18,0.65,5.43,0.097,35,48,0.9941,3.73,0.91,13.77,5
14.65,1.07,0.97,1.64,0.149,31,172,0.9969,3.32,0.54,12.34,8
6.24,1.48,0.85,6.92,0.077,28,58,0.9961,3.94,1.35,11.87,8
12.31,0.43,0.02,4.29,0.14,1,55,1.0006,3.36,1.69,12.37,4
14.38,0.3,0.9,5.48,0.065,25,47,0.9959,3.85,0.86,10.87,4
6.81,0.27,0.78,12.6,0.027,43,145,1.0032,3.77,0.66,11.03,8
5.66,0.52,0.78,14.06,0.047,67,63,1.0026,3.98,1.13,13.11,8
12.41,0.24,0.46,3.19,0.074,63,174,1.0022,3.91,1.49,12.09,6
10.74,1.07,0.4,5.9,0.049,51,101,0.991,3.88,0.31,13.38,4
13.42,0.19,0.3,13.97,0.02,2,49,1.002,3.68,1.25,13.34,8
6.4,0.81,0.07,1.4,0.139,64,43,1.0009,3.24,1.19,13.86,3
12.95,1.5,0.23,1.84,0.13,74,105,0.9914,2.93,0.78,12.2,8
7.02,1.24,0.25,2.86,0.116,69,88,0.9915,3.63,0.98,11.01,5
6.64,0.96,0.48,9.13,0.042,9,136,0.9914,3.97,0.67,9.0,5
6.64,0.53,0.75,2.68,0.036,2,26,0.9902,3.67,1.48,12.23,3
13.15,0.97,0.47,14.54,0.029,34,170,0.9977,3.91,1.25,9.75,6
11.65,0.84,0.06,6.98,0.114,60,184,1.0036,3.77,1.1,9.7,4
10.23,0.7,0.96,7.77,0.141,61,119,0.9961,3.0,0.89,9.43,4
8.59,0.28,0.94,4.08,0.076,31,61,0.9976,3.1,0.74,13.25,8
13.77,1.34,0.79,7.33,0.035,10,127,1.0036,3.21,1.53,13.21,5
8.92,0.73,0.99,10.1,0.087,76,18,0.9936,3.0,0.98,11.79,6
13.17,0.37,0.54,11.39,0.065,36,42,1.002,3.5,1.05,10.84,6
9.39,0.61,0.96,11.43,0.069,49,197,0.9976,3.97,1.08,12.03,6
8.77,0.68,0.08,8.88,0.101,70,122,0.998,3.71,0.97,11.64,8
9.63,1.26,0.37,13.61,0.113,49,158,0.9948,3.31,0.68,10.49,4
8.01,1.13,0.23,12.35,0.034,3,195,0.9979,2.81,0.48,10.28,6
12.48,1.18,0.2,11.48,0.025,74,94,0.991,3.18,0.45,10.3,8
10.03,0.12,0.14,1.31,0.149,5,19,1.0007,3.43,1.44,11.53,8
7.32,0.68,0.62,0.6,0.05,61,15,0.994,3.19,0.64,11.89,3
14.0,0.77,0.78,3.58,0.027,26,124,1.0024,2.93,0.38,10.71,7
8.84,0.13,0.58,10.12,0.045,72,130,0.9951,3.33,1.5,13.81,6
10.44,0.46,0.15,6.46,0.025,5,150,0.992,3.1,0.53,8.5,7
14.06,1.16,0.81,6.33,0.071,15,74,0.9997,3.89,1.24,10.08,4
11.24,0.29,0.64,13.33,0.124,16,29,0.9923,2.92,0.81,10.51,8
6.17,0.85,0.39,13.49,0.064,1,66,1.0006,2.86,0.49,8.1,6
14.4,0.4,0.67,13.68,0.078,16,55,1.0036,2.81,0.92,10.19,5
11.28,0.12,0.26,5.05,0.108,37,145,1.0009,3.19,0.32,9.64,4
8.35,0.44,0.35,10.52,0.086,3,19,0.9903,3.59,1.56,11.04,3
6.39,1.47,0.92,4.44,0.132,52,122,0.9984,3.68,1.07,10.02,3
12.94,1.22,0.29,3.26,0.133,47,148,0.9997,3.34,0.51,12.36,7
11.2,1.44,0.47,3.18,0.021,13,21,1.0016,3.62,0.66,11.06,8
10.33,0.78,0.89,5.46,0.121,55,147,0.9908,3.23,0.97,8.78,7
13.94,0.25,0.71,6.73,0.08,21,162,0.9967,3.6,0.58,12.5,5
12.89,0.87,0.06,12.55,0.149,66,186,0.9975,2.85,0.7,8.6,5
6.52,0.74,0.15,2.24,0.083,54,186,0.9924,3.27,1.1,13.03,3
8.12,1.28,0.01,11.16,0.148,27,20,0.9945,3.75,1.55,13.59,6
7.48,0.24,0.63,8.21,0.118,38,199,0.9962,3.76,0.9,9.93,3
12.44,0.78,0.45,4.68,0.052,58,127,1.0017,3.66,1.38,13.56,3
5.34,0.31,0.13,7.65,0.09,62,173,1.003,3.05,1.62,12.76,5
10.7,0.55,0.96,4.85,0.149,46,48,0.9988,3.1,0.62,13.53,7
12.62,1.13,0.53,9.14,0.131,11,62,0.9955,4.0,1.51,12.0,5
13.77,0.77,0.24,6.79,0.033,72,65,0.9936,2.92,1.44,9.41,8
8.42,0.63,0.5,2.88,0.112,8,113,1.0037,3.02,0.84,13.37,5
13.21,0.65,0.68,2.19,0.065,71,138,1.0038,2.96,1.78,9.11,5
6.11,0.74,0.08,8.43,0.021,64,65,1.0029,3.19,0.69,9.28,3
13.46,1.2,0.27,13.58,0.072,21,127,1.001,3.05,0.68,9.63,6
6.27,1.35,0.81,5.49,0.051,72,141,0.9946,3.4,1.46,9.83,3
8.97,1.44,0.46,11.13,0.126,63,39,1.0014,3.37,0.95,11.09,4
12.97,1.2,0.55,10.05,0.064,64,21,0.9957,3.88,0.8,12.28,5
6.5,0.54,0.43,14.01,0.128,20,44,0.9946,2.84,0.57,13.56,5
7.29,1.06,0.04,12.4,0.02,8,86,1.0004,3.18,1.45,8.53,4
12.22,0.71,0.17,8.72,0.06,58,189,0.9911,3.52,1.48,13.73,5
12.2,0.46,0.45,10.03,0.051,46,168,0.9907,3.53,1.15,13.53,5
11.41,1.28,0.21,13.53,0.05,31,111,0.9963,3.38,1.74,8.32,8
11.94,0.15,0.05,6.29,0.029,9,96,0.9962,3.78,0.78,10.16,5
10.43,1.36,0.84,5.24,0.044,15,61,1.0025,2.88,0.63,12.88,4
7.52,0.75,0.98,0.66,0.092,26,89,0.9918,3.78,1.32,11.67,3
8.46,0.99,0.79,12.48,0.058,10,144,0.9917,3.39,1.44,12.67,5
6.82,1.02,0.85,12.11,0.074,29,31,0.9921,2.96,0.64,12.31,6
14.08,1.35,0.24,2.01,0.069,36,84,0.9904,3.86,0.41,10.98,4
10.83,0.99,0.96,8.86,0.134,37,193,0.991,3.58,1.52,8.25,7
9.01,0.96,0.2,7.23,0.138,71,67,0.9992,3.0,1.76,11.51,8
9.62,0.19,0.95,2.22,0.084,23,102,0.996,2.84,1.27,8.29,4
14.47,0.83,0.99,14.72,0.063,41,112,1.0007,2.97,0.72,11.62,3
6.53,0.31,0.71,3.61,0.034,28,149,1.0039,3.53,1.8,12.8,4
10.86,1.13,0.98,1.47,0.144,48,16,0.9992,3.02,1.64,11.51,7
10.06,0.82,0.57,9.13,0.028,38,137,0.9907,3.07,1.07,13.98,8
11.11,1.05,0.26,11.21,0.059,31,64,0.9915,2.83,1.54,10.74,6
5.18,0.16,0.44,0.97,0.059,14,115,1.0023,3.67,1.52,12.49,7
13.72,0.22,0.59,10.05,0.062,73,71,0.9974,3.77,1.7,12.0,4
14.32,1.1,0.07,8.22,0.041,77,99,1.0015,3.76,1.56,13.95,7
10.65,0.2,0.62,2.0,0.122,29,107,1.002,2.95,1.27,12.28,4
11.97,0.2,0.98,3.0,0.036,51,86,1.003,3.88,1.21,8.98,6
14.22,0.12,0.19,8.74,0.103,49,192,1.0033,3.61,1.0,13.73,6
12.07,1.44,0.79,4.8,0.036,43,128,0.9978,3.88,1.24,12.01,3
6.53,1.13,0.91,14.11,0.029,72,45,0.9948,3.34,1.49,8.36,6
10.76,0.59,0.94,12.37,0.138,5,98,1.0035,3.32,1.75,11.95,5
11.07,0.52,0.96,14.76,0.045,42,161,0.9977,3.74,1.0,13.3,7
9.24,0.59,0.52,4.27,0.127,7,181,0.9909,2.91,1.16,11.46,7
12.36,1.18,0.98,14.56,0.091,42,154,0.999,3.43,0.97,10.12,4
14.34,1.03,0.76,6.75,0.03,36,139,0.9982,3.8,1.3,12.93,6
14.26,0.36,0.16,5.54,0.144,27,150,1.0025,3.8,1.24,12.7,3
9.51,0.34,0.48,1.23,0.052,58,168,0.9991,3.95,0.33,11.27,3
6.13,0.24,0.72,1.27,0.132,46,102,0.9949,3.64,1.11,8.93,3
14.85,1.02,0.25,10.53,0.042,66,123,1.0035,3.05,0.43,9.51,8
13.39,1.17,0.64,7.14,0.131,25,37,1.0012,2.82,0.34,12.43,5
6.25,0.47,0.67,3.78,0.022,73,197,0.9988,3.38,1.49,12.84,6
14.21,0.13,0.16,9.4,0.087,27,164,0.9941,3.42,0.69,9.68,3
13.7,0.22,0.57,4.17,0.12,1,152,0.9952,3.09,0.81,10.21,5
10.19,1.46,0.77,8.88,0.142,74,42,0.9994,2.95,0.4,8.47,7
10.91,0.51,0.5,5.71,0.138,42,29,0.991,3.5,0.57,12.28,4
8.99,1.18,0.01,12.44,0.127,52,179,0.9936,3.72,1.45,8.02,6
5.55,0.97,0.01,12.4,0.135,25,149,1.0,3.99,1.04,8.28,6
8.35,0.63,0.36,7.42,0.046,54,110,0.9967,3.71,1.62,8.03,8
13.03,0.39,0.93,5.59,0.057,67,32,0.9956,3.75,0.9,11.87,7
5.05,0.27,0.23,5.76,0.058,6,121,0.9921,3.54,0.7,10.5,6
8.33,0.96,0.63,12.18,0.069,58,23,0.9962,3.98,0.82,9.79,8
8.98,1.18,0.22,5.26,0.071,70,100,1.0008,3.57,1.37,13.48,8
10.37,1.0,0.32,3.53,0.091,53,162,0.9937,3.83,1.13,9.16,8
14.2,0.84,0.85,1.73,0.041,66,86,0.9901,3.93,1.66,10.34,6
8.46,0.16,0.73,7.27,0.11,58,94,0.9994,3.92,1.2,13.64,6
8.47,1.46,0.1,7.49,0.042,2,118,1.0036,3.26,1.04,10.56,6
12.38,1.22,0.43,12.69,0.06,76,40,0.9985,2.89,1.48,11.33,5
9.52,0.51,0.03,3.71,0.085,22,131,0.9917,3.01,1.72,8.48,8
7.25,1.47,0.48,6.02,0.124,37,116,0.9945,2.87,0.83,12.74,5
9.52,0.94,0.66,12.22,0.116,20,63,1.0021,2.93,0.67,10.54,4
6.41,0.92,0.12,12.44,0.104,24,142,0.9933,3.02,1.22,12.8,6
6.76,1.15,0.29,6.08,0.04,65,150,0.9985,3.21,1.05,9.52,7
9.98,1.24,0.4,7.16,0.091,65,165,0.9956,3.45,1.78,10.53,3
9.19,1.02,0.92,4.9,0.031,1,52,0.9929,3.65,0.99,12.72,4
14.15,0.28,0.99,14.02,0.069,3,98,1.0014,3.05,0.41,13.84,3
8.62,0.57,0.04,2.22,0.074,46,124,1.0004,3.61,1.77,8.36,3
10.81,1.4,0.76,14.04,0.025,55,108,0.9993,3.65,1.57,12.87,6
11.32,0.41,0.37,10.42,0.056,75,56,0.9933,3.47,0.57,9.8,7
5.13,0.62,0.39,8.21,0.144,64,80,0.9914,3.88,1.66,11.3,3
11.64,0.7,0.75,0.97,0.144,45,175,0.9981,2.93,0.81,9.74,8
6.78,0.72,0.92,7.4,0.066,26,76,0.9978,3.01,0.87,11.68,3
14.61,0.96,0.95,6.41,0.026,77,71,0.9926,3.31,1.66,10.12,4
6.49,1.42,0.58,2.84,0.043,65,118,0.9908,2.95,1.1,10.0,7
9.15,0.44,0.36,10.02,0.071,24,176,0.9911,3.48,0.51,8.23,7
5.85,0.27,0.79,14.58,0.143,74,46,1.0039,3.28,0.85,8.88,3
14.97,0.38,0.25,8.65,0.038,35,128,1.001,3.14,1.38,13.5,7
10.02,1.34,0.56,10.86,0.119,24,95,1.0029,3.0,0.56,13.99,4
10.95,1.0,0.36,1.49,0.034,28,135,0.9927,3.2,1.19,12.68,4
5.67,0.5,0.66,6.56,0.148,16,145,1.0034,3.53,1.34,9.72,4
12.5,1.24,0.24,2.19,0.07,59,61,0.992,3.49,0.82,10.41,8
7.1,1.31,0.19,9.39,0.121,54,100,0.9971,3.0,1.34,12.44,6
13.98,1.29,0.92,14.11,0.065,79,42,1.0016,2.95,1.63,13.81,3
7.05,1.39,0.1,10.1,0.102,16,90,0.9949,2.83,1.01,10.73,7
6.91,0.45,0.51,1.61,0.045,15,51,0.9959,2.81,0.87,12.98,4
5.37,1.16,0.22,5.64,0.039,11,121,0.9918,3.86,0.68,13.85,3
9.72,0.74,0.04,8.48,0.142,65,135,0.9917,2.85,1.21,13.24,3
10.65,1.28,0.04,6.35,0.139,79,164,0.9987,3.68,1.62,9.36,6
5.66,1.12,0.18,12.59,0.135,68,145,0.9995,3.85,0.79,8.05,8
12.76,1.19,0.87,12.31,0.101,43,160,1.0009,2.92,0.89,10.95,7
9.53,1.02,0.28,9.37,0.125,69,115,0.9978,3.32,0.91,11.19,8
10.24,0.35,0.95,5.92,0.029,13,134,0.999,3.95,1.14,9.21,7
9.41,0.86,0.58,4.2,0.064,10,122,0.9902,3.8,0.64,9.71,4
9.01,1.48,0.44,2.04,0.061,75,73,0.9923,3.39,1.53,12.59,4
10.6,1.41,0.58,5.65,0.103,41,132,1.0038,3.72,0.74,10.82,3
6.55,0.16,0.52,6.49,0.066,50,123,0.9911,3.8,1.36,9.9,7
6.82,0.33,0.76,10.3,0.039,71,29,0.9995,3.22,1.07,11.74,7
13.62,0.28,0.28,10.04,0.098,59,25,0.9925,3.87,1.18,11.92,8
14.46,1.12,0.35,1.52,0.126,39,154,1.0,3.36,0.57,12.62,4
8.73,1.24,0.89,6.23,0.07,3,28,0.9999,3.43,1.4,8.94,5
7.71,0.4,0.95,3.14,0.037,76,129,0.9933,4.0,0.58,12.45,3
11.44,0.81,0.89,2.77,0.046,7,145,0.9938,3.81,0.47,11.6,7
9.09,1.28,0.42,12.5,0.051,49,175,0.9992,3.23,1.12,8.35,6
5.25,1.13,0.78,1.11,0.059,26,47,0.9955,2.81,1.36,12.66,6
6.56,0.86,0.48,6.58,0.104,33,190,0.9927,3.55,0.38,10.3,5
12.16,0.93,0.5,2.94,0.098,48,102,1.0002,3.64,0.4,9.98,4
11.59,0.81,0.2,13.25,0.11,79,114,0.9922,3.58,1.5,10.69,4
5.27,0.52,0.59,8.58,0.067,2,109,1.002,3.96,1.51,10.08,4
7.22,0.89,0.19,3.86,0.127,71,99,0.9972,3.84,0.67,10.03,8
7.31,1.06,0.33,7.79,0.047,32,168,0.9915,3.34,1.22,12.85,6
11.72,1.32,0.86,11.11,0.081,4,53,0.9997,2.88,0.96,8.75,4
5.2,0.99,0.21,14.39,0.124,20,197,0.9973,3.37,1.25,13.82,6
6.04,1.17,0.07,3.7,0.043,36,85,0.9942,3.63,1.59,11.33,5
13.0,0.32,0.07,13.35,0.034,32,154,0.9959,3.53,0.42,9.1,3
6.79,0.75,0.94,14.05,0.135,28,88,0.9942,3.45,1.47,8.79,8
11.53,0.11,0.51,13.79,0.065,77,82,0.9937,3.36,1.04,11.55,7
7.38,0.45,0.41,9.71,0.109,1,176,0.9923,3.15,1.15,11.8,5
5.99,1.12,0.81,9.63,0.023,60,179,0.9951,3.13,1.28,8.32,6
7.43,1.49,0.84,6.35,0.11,56,185,0.9935,3.4,1.68,9.46,5
12.22,0.24,0.33,11.41,0.061,35,149,0.9996,2.99,0.39,12.77,7
13.56,0.66,0.69,8.2,0.027,30,105,0.9996,3.21,0.34,8.3,8
13.3,1.22,0.77,10.32,0.099,54,98,0.997,3.19,0.57,13.13,3
8.97,0.39,0.65,6.71,0.051,36,112,1.0009,3.5,1.78,11.95,7
11.68,0.88,0.15,11.11,0.07,55,155,1.0018,2.88,1.37,10.61,8
7.05,1.13,0.88,12.45,0.03,58,15,0.9981,3.8,1.22,10.08,6
7.93,0.96,0.54,2.62,0.039,65,131,0.9987,3.47,0.37,8.12,7
13.96,0.36,0.28,12.58,0.059,69,180,0.994,3.6,1.62,12.95,5
5.13,0.6,0.43,8.33,0.032,51,125,1.0025,3.64,1.52,8.86,4
5.86,1.2,0.04,12.75,0.138,22,172,0.9903,3.15,1.3,9.86,5
7.08,0.88,0.13,6.75,0.021,53,191,0.9949,3.36,0.81,11.41,6
5.27,0.11,0.77,6.0,0.083,36,71,1.0001,3.95,0.41,9.48,3
6.81,1.17,0.0,13.77,0.036,68,153,0.9911,3.72,1.17,10.98,7
10.83,0.15,0.42,4.14,0.06,36,145,0.9926,3.96,1.38,12.86,3
9.21,1.14,0.52,12.74,0.14,52,98,0.9983,3.7,0.44,10.82,6
13.93,0.38,0.05,7.52,0.041,53,105,0.9978,3.01,1.25,13.69,7
13.17,1.44,0.97,7.95,0.146,50,135,1.0003,2.88,0.73,13.09,8
8.42,0.62,0.23,4.97,0.047,41,99,1.0014,3.49,1.45,10.0,8
7.59,0.56,0.3,8.81,0.116,18,95,0.9918,3.23,1.11,10.4,5
8.8,0.31,0.3,5.22,0.091,22,168,0.9903,3.13,0.49,10.54,5
10.9,0.53,0.23,1.07,0.135,66,147,0.9997,3.77,1.09,11.76,6
7.68,1.33,0.0,4.44,0.092,21,193,0.9942,3.24,0.89,9.72,8
11.24,1.49,0.73,0.59,0.089,44,130,0.9988,3.18,0.57,13.82,7
9.09,0.62,0.97,14.69,0.045,47,85,0.9921,3.82,1.56,11.65,8
10.52,0.73,0.22,14.5,0.042,39,101,0.9966,3.82,0.32,10.4,5
9.36,1.11,0.66,6.23,0.139,29,79,0.9971,3.23,0.77,11.87,6
7.94,1.34,0.74,11.06,0.063,54,157,0.9982,3.8,0.32,10.37,8
14.48,0.93,0.85,5.51,0.068,17,142,0.9972,3.82,0.44,12.91,6
12.64,0.65,0.42,10.23,0.119,60,32,0.9969,3.31,0.75,11.41,8
6.4,0.68,0.3,12.18,0.064,31,146,0.9947,2.88,0.38,8.25,3
13.68,1.07,0.33,14.23,0.144,73,67,0.991,2.8,1.19,9.06,8
9.87,0.1,0.71,6.3,0.116,78,196,0.9913,3.43,0.43,13.19,5
13.95,0.97,0.82,11.86,0.098,49,191,0.9961,3.21,1.35,11.38,7
13.0,0.6,0.18,4.36,0.135,2,55,0.995,4.0,0.38,13.7,5
9.25,1.21,0.37,14.86,0.026,48,31,0.9972,3.73,0.39,8.43,5
5.22,0.23,0.9,0.87,0.053,14,17,0.9943,3.71,0.76,9.77,5
7.69,0.92,0.81,9.25,0.08,59,132,0.9996,3.95,1.64,9.16,6
10.42,0.77,0.98,10.06,0.05,58,29,1.0021,3.87,1.26,11.32,4
11.33,1.0,0.75,10.48,0.117,58,188,0.9942,3.18,1.46,10.3,4
7.58,0.19,0.39,2.25,0.139,51,87,0.9927,3.0,0.51,8.94,3
6.39,0.91,0.59,14.11,0.075,2,48,0.9916,3.7,1.55,11.86,5
13.35,0.89,0.66,3.13,0.064,41,46,0.9986,3.25,0.31,11.22,4
14.84,0.88,0.08,9.53,0.145,16,187,0.9962,3.37,0.62,9.65,3
10.26,0.94,0.54,3.73,0.078,4,171,0.9926,3.56,1.22,10.88,6
6.72,1.05,0.71,4.95,0.084,12,84,0.9991,3.89,0.86,12.47,5
7.72,1.23,0.17,8.42,0.066,29,127,0.9921,3.3,1.78,9.23,7
5.18,0.48,0.78,6.55,0.138,7,113,0.9978,3.74,0.35,9.76,6
14.14,1.26,0.58,2.82,0.094,14,170,0.9974,3.12,1.8,10.08,3
6.18,0.8,0.95,2.98,0.119,12,40,1.0003,3.64,1.24,12.48,6
10.77,0.21,0.04,6.56,0.126,5,132,0.9908,2.8,1.14,13.08,7
7.74,0.18,0.27,11.48,0.064,32,63,1.0024,3.85,0.39,10.26,6
10.54,0.57,0.6,13.52,0.076,74,181,0.9998,2.84,0.71,9.78,3
11.51,1.2,0.3,1.72,0.13,43,43,0.993,3.66,1.69,13.34,7
13.3,1.09,0.71,6.2,0.067,69,131,0.9926,2.86,0.83,14.0,7
7.06,1.2,0.76,1.95,0.123,45,122,0.996,3.12,1.29,12.02,6
5.11,0.82,0.1,0.74,0.142,9,71,1.0014,3.4,1.8,13.94,7
6.37,0.72,0.51,10.09,0.101,49,32,1.0018,3.3,0.69,11.96,6
14.0,0.31,0.51,9.24,0.116,33,55,0.9973,3.03,1.16,12.4,5
13.74,0.56,0.37,2.86,0.125,18,65,1.0021,3.2,1.34,10.33,7
10.97,0.71,0.93,3.89,0.13,9,144,0.9901,3.67,0.55,10.6,6
11.01,0.22,0.83,0.84,0.071,62,127,0.9905,3.6,0.52,8.86,5
11.65,0.41,0.7,12.61,0.027,57,198,1.0028,2.89,0.98,12.94,7
6.75,0.94,0.71,14.63,0.072,29,140,1.0009,3.7,0.88,13.59,5
14.14,1.13,0.46,2.46,0.108,78,175,0.9963,2.86,1.37,11.74,8
9.19,1.5,0.92,3.86,0.079,25,171,1.0006,3.45,0.4,10.06,7
8.83,1.41,0.69,13.09,0.117,15,122,1.0034,3.11,1.76,8.92,8
10.19,1.0,0.73,13.93,0.066,6,53,1.0008,3.51,0.32,9.59,3
5.47,0.69,0.86,6.58,0.103,42,137,1.0018,3.11,1.2,9.53,3
6.66,0.99,0.27,1.23,0.044,29,117,1.0006,3.98,1.14,11.68,6
12.38,1.2,0.81,1.07,0.117,79,167,0.9924,3.17,0.5,13.67,4
5.83,0.27,0.2,8.82,0.091,4,26,1.0017,3.09,0.53,8.29,8
11.03,0.67,0.35,6.2,0.047,57,68,0.9927,3.13,1.49,8.01,8
7.45,1.28,0.34,0.92,0.058,49,147,1.0025,3.88,1.63,11.6,3
8.89,0.64,0.98,8.96,0.117,44,108,0.9964,3.56,0.72,9.7,8
7.89,0.9,0.86,0.66,0.083,75,93,0.9995,3.68,0.96,13.28,4
8.56,0.92,0.7,11.92,0.048,14,155,0.997,3.9,0.83,9.96,5
12.19,0.36,0.73,4.94,0.146,3,54,0.9913,3.89,0.41,9.74,5
7.97,0.61,0.56,1.08,0.113,62,117,0.9941,3.69,1.31,9.62,4
10.66,0.57,0.95,9.03,0.144,64,196,1.0038,3.04,1.54,8.87,8
9.76,0.14,0.5,6.27,0.076,45,71,1.0035,3.81,0.76,11.49,8
11.64,0.13,0.38,14.62,0.082,58,68,0.9945,3.04,1.79,9.01,8
14.37,1.26,0.16,8.39,0.137,20,186,1.0039,3.69,0.41,10.55,6
12.33,0.48,0.79,4.49,0.088,58,169,1.0018,3.62,1.29,10.77,7
7.15,0.83,0.73,10.79,0.112,57,147,0.9986,3.71,0.97,8.12,4
5.31,0.52,0.38,4.44,0.053,77,20,0.9906,3.44,0.97,8.1,4
7.62,1.42,0.03,13.61,0.078,68,111,1.0026,3.57,0.99,11.12,4
10.95,0.46,0.84,5.93,0.036,78,79,0.9978,3.94,0.69,12.18,4
5.51,0.7,0.01,8.47,0.047,52,132,1.0022,2.92,1.37,13.65,4
9.96,1.32,0.7,1.23,0.02,37,199,1.0017,3.17,1.38,9.07,8
10.97,1.28,0.97,6.68,0.025,8,184,1.0017,3.53,0.72,8.62,6
8.34,0.36,0.44,12.57,0.147,44,43,0.9998,3.96,1.55,8.31,3
12.71,1.22,0.23,12.18,0.052,5,110,0.9941,2.91,0.78,10.62,8
6.07,0.74,0.7,3.75,0.106,69,154,0.9947,2.83,1.39,11.74,8
5.75,0.78,0.82,3.78,0.129,31,113,0.9943,2.87,0.48,13.04,7
12.28,0.29,0.55,12.35,0.092,45,191,0.9903,2.86,0.55,12.1,3
9.95,0.21,0.97,13.99,0.04,9,49,0.9982,3.89,0.77,9.25,4
11.88,1.12,0.05,1.88,0.115,32,28,0.9998,3.67,1.19,10.77,3
9.35,0.8,0.5,7.03,0.098,33,76,1.002,3.61,1.27,13.46,6
7.46,0.71,0.72,5.39,0.115,67,91,0.992,3.43,0.89,9.96,5
13.19,1.12,0.86,13.12,0.12,30,190,0.9976,3.74,0.42,10.99,8
12.99,1.17,0.18,1.71,0.147,76,73,0.9901,2.99,0.86,13.75,3
11.95,0.32,0.8,3.56,0.095,29,92,0.9913,3.27,1.33,12.41,7
7.72,0.95,0.55,11.41,0.064,3,56,0.9908,3.39,1.31,12.49,6
10.9,0.29,0.4,1.24,0.104,57,15,1.0002,2.93,0.54,9.51,5
8.61,1.15,0.13,7.64,0.029,30,25,0.9911,3.3,0.31,10.49,6
5.92,1.02,0.87,6.91,0.137,9,155,1.0,3.18,1.43,8.49,4
14.17,1.44,0.16,5.35,0.036,26,189,0.9935,2.84,0.46,11.64,5
6.37,0.2,0.31,6.22,0.063,2,185,1.0023,2.96,0.42,8.62,7
14.5,0.18,0.29,8.18,0.126,62,180,1.0014,3.72,0.3,13.02,5
9.46,0.5,0.87,2.84,0.098,3,48,1.0034,2.82,0.95,12.89,7
